date,starting_time,cinema_name,screening_hall,movie_title,free,sold
20191009,20:30,Village ΑΤ ΤΗΕ MALL,ΑΙΘ 05,METALLICA & SAN FRANCISCO SYMPHONY: S&M²,152,91
20191013,20:30,Village ΑΤ ΤΗΕ MALL,ΑΙΘ 05,METALLICA & SAN FRANCISCO SYMPHONY: S&M²,193,50
20191009,20:30,Village ΡΕΝΤΗ,ΑΙΘ 04,METALLICA & SAN FRANCISCO SYMPHONY: S&M²,275,65
20191009,20:30,Village Cosmos ΘΕΣΣ.,ΑΙΘ 08,METALLICA & SAN FRANCISCO SYMPHONY: S&M²,180,35
20191009,20:30,Village ΒΟΛΟΣ,ΑΙΘ 03,METALLICA & SAN FRANCISCO SYMPHONY: S&M²,143,10
20191002,20:15,Village ΑΤ ΤΗΕ MALL,VMax Sphera 7,ROGER WATERS US + THEM - DOLBY ATMOS,589,80
20191002,20:00,Village ΡΕΝΤΗ,ΑΙΘ 04,ROGER WATERS US + THEM - DOLBY ATMOS,329,11
20191002,20:00,Village Cosmos ΘΕΣΣ.,ΑΙΘ 05,ROGER WATERS US + THEM - DOLBY ATMOS,236,25
20191002,20:00,Village ΑΓ. ΔΗΜΗΤΡΙΟΣ,ΑΙΘ 02,ROGER WATERS US + THEM - DOLBY ATMOS,212,13
20190809,18:45,Village ΑΤ ΤΗΕ MALL,ΑΙΘ 12,THE KITCHEN,127,8
20190809,21:00,Village ΑΤ ΤΗΕ MALL,ΑΙΘ 12,THE KITCHEN,113,22
20190809,22:40,Village ΑΤ ΤΗΕ MALL,ΑΙΘ 05,THE KITCHEN,229,14
20190809,23:20,Village ΑΤ ΤΗΕ MALL,ΑΙΘ 12,THE KITCHEN,127,8
20190810,18:45,Village ΑΤ ΤΗΕ MALL,ΑΙΘ 12,THE KITCHEN,125,10
20190810,21:00,Village ΑΤ ΤΗΕ MALL,ΑΙΘ 12,THE KITCHEN,127,8
20190810,22:40,Village ΑΤ ΤΗΕ MALL,ΑΙΘ 05,THE KITCHEN,229,14
20190810,23:20,Village ΑΤ ΤΗΕ MALL,ΑΙΘ 12,THE KITCHEN,124,11
20190811,18:45,Village ΑΤ ΤΗΕ MALL,ΑΙΘ 12,THE KITCHEN,127,8
20190811,21:00,Village ΑΤ ΤΗΕ MALL,ΑΙΘ 12,THE KITCHEN,127,8
20190811,22:40,Village ΑΤ ΤΗΕ MALL,ΑΙΘ 05,THE KITCHEN,231,12
20190811,23:20,Village ΑΤ ΤΗΕ MALL,ΑΙΘ 12,THE KITCHEN,127,8
20190812,18:45,Village ΑΤ ΤΗΕ MALL,ΑΙΘ 12,THE KITCHEN,127,8
20190812,21:00,Village ΑΤ ΤΗΕ MALL,ΑΙΘ 12,THE KITCHEN,126,9
20190812,22:30,Village ΑΤ ΤΗΕ MALL,ΑΙΘ 05,THE KITCHEN,231,12
20190812,23:20,Village ΑΤ ΤΗΕ MALL,ΑΙΘ 12,THE KITCHEN,127,8
20190813,18:45,Village ΑΤ ΤΗΕ MALL,ΑΙΘ 12,THE KITCHEN,127,8
20190813,21:00,Village ΑΤ ΤΗΕ MALL,ΑΙΘ 12,THE KITCHEN,127,8
20190813,22:30,Village ΑΤ ΤΗΕ MALL,ΑΙΘ 05,THE KITCHEN,231,12
20190813,23:20,Village ΑΤ ΤΗΕ MALL,ΑΙΘ 12,THE KITCHEN,127,8
20190814,18:45,Village ΑΤ ΤΗΕ MALL,ΑΙΘ 12,THE KITCHEN,127,8
20190814,21:00,Village ΑΤ ΤΗΕ MALL,ΑΙΘ 12,THE KITCHEN,127,8
20190814,22:30,Village ΑΤ ΤΗΕ MALL,ΑΙΘ 05,THE KITCHEN,231,12
20190814,23:20,Village ΑΤ ΤΗΕ MALL,ΑΙΘ 12,THE KITCHEN,127,8
20190809,20:00,Village ΦΑΛΗΡΟ,ΑΙΘ 04,THE KITCHEN,176,8
20190809,22:20,Village ΦΑΛΗΡΟ,ΑΙΘ 04,THE KITCHEN,176,8
20190809,23:40,Village ΦΑΛΗΡΟ,ΑΙΘ 06,THE KITCHEN,235,10
20190810,20:00,Village ΦΑΛΗΡΟ,ΑΙΘ 04,THE KITCHEN,174,10
20190810,22:20,Village ΦΑΛΗΡΟ,ΑΙΘ 04,THE KITCHEN,176,8
20190810,23:40,Village ΦΑΛΗΡΟ,ΑΙΘ 06,THE KITCHEN,235,10
20190811,20:00,Village ΦΑΛΗΡΟ,ΑΙΘ 04,THE KITCHEN,175,9
20190811,22:20,Village ΦΑΛΗΡΟ,ΑΙΘ 04,THE KITCHEN,176,8
20190811,23:40,Village ΦΑΛΗΡΟ,ΑΙΘ 06,THE KITCHEN,235,10
20190812,20:00,Village ΦΑΛΗΡΟ,ΑΙΘ 04,THE KITCHEN,176,8
20190812,22:20,Village ΦΑΛΗΡΟ,ΑΙΘ 04,THE KITCHEN,176,8
20190812,23:40,Village ΦΑΛΗΡΟ,ΑΙΘ 06,THE KITCHEN,235,10
20190813,20:00,Village ΦΑΛΗΡΟ,ΑΙΘ 04,THE KITCHEN,176,8
20190813,22:20,Village ΦΑΛΗΡΟ,ΑΙΘ 04,THE KITCHEN,176,8
20190813,23:40,Village ΦΑΛΗΡΟ,ΑΙΘ 06,THE KITCHEN,235,10
20190814,20:00,Village ΦΑΛΗΡΟ,ΑΙΘ 04,THE KITCHEN,175,9
20190814,22:20,Village ΦΑΛΗΡΟ,ΑΙΘ 04,THE KITCHEN,176,8
20190814,23:40,Village ΦΑΛΗΡΟ,ΑΙΘ 06,THE KITCHEN,235,10
20190809,20:00,Village ΡΕΝΤΗ,ΑΙΘ 09,THE KITCHEN,225,15
20190809,22:20,Village ΡΕΝΤΗ,ΑΙΘ 09,THE KITCHEN,229,11
20190809,23:00,Village ΡΕΝΤΗ,ΑΙΘ 14,THE KITCHEN,243,11
20190809,00:00,Village ΡΕΝΤΗ,ΑΙΘ 06,THE KITCHEN,223,11
20190810,20:00,Village ΡΕΝΤΗ,ΑΙΘ 09,THE KITCHEN,229,11
20190810,22:20,Village ΡΕΝΤΗ,ΑΙΘ 09,THE KITCHEN,229,11
20190810,23:00,Village ΡΕΝΤΗ,ΑΙΘ 14,THE KITCHEN,243,11
20190810,00:00,Village ΡΕΝΤΗ,ΑΙΘ 06,THE KITCHEN,223,11
20190811,20:00,Village ΡΕΝΤΗ,ΑΙΘ 09,THE KITCHEN,229,11
20190811,22:20,Village ΡΕΝΤΗ,ΑΙΘ 09,THE KITCHEN,229,11
20190811,23:00,Village ΡΕΝΤΗ,ΑΙΘ 14,THE KITCHEN,243,11
20190811,00:00,Village ΡΕΝΤΗ,ΑΙΘ 06,THE KITCHEN,223,11
20190812,20:00,Village ΡΕΝΤΗ,ΑΙΘ 09,THE KITCHEN,229,11
20190812,22:20,Village ΡΕΝΤΗ,ΑΙΘ 09,THE KITCHEN,229,11
20190812,23:00,Village ΡΕΝΤΗ,ΑΙΘ 14,THE KITCHEN,243,11
20190812,00:00,Village ΡΕΝΤΗ,ΑΙΘ 06,THE KITCHEN,223,11
20190813,20:00,Village ΡΕΝΤΗ,ΑΙΘ 09,THE KITCHEN,229,11
20190813,22:20,Village ΡΕΝΤΗ,ΑΙΘ 09,THE KITCHEN,229,11
20190813,23:00,Village ΡΕΝΤΗ,ΑΙΘ 14,THE KITCHEN,243,11
20190813,00:00,Village ΡΕΝΤΗ,ΑΙΘ 06,THE KITCHEN,223,11
20190814,20:00,Village ΡΕΝΤΗ,ΑΙΘ 09,THE KITCHEN,229,11
20190814,22:20,Village ΡΕΝΤΗ,ΑΙΘ 09,THE KITCHEN,229,11
20190814,23:00,Village ΡΕΝΤΗ,ΑΙΘ 14,THE KITCHEN,243,11
20190814,00:00,Village ΡΕΝΤΗ,ΑΙΘ 06,THE KITCHEN,223,11
20190809,20:00,Village Cosmos ΘΕΣΣ.,ΑΙΘ 03,THE KITCHEN,189,10
20190809,22:15,Village Cosmos ΘΕΣΣ.,ΑΙΘ 03,THE KITCHEN,187,12
20190809,23:20,Village Cosmos ΘΕΣΣ.,ΑΙΘ 07,THE KITCHEN,206,11
20190810,20:00,Village Cosmos ΘΕΣΣ.,ΑΙΘ 03,THE KITCHEN,189,10
20190810,22:15,Village Cosmos ΘΕΣΣ.,ΑΙΘ 03,THE KITCHEN,189,10
20190810,23:20,Village Cosmos ΘΕΣΣ.,ΑΙΘ 07,THE KITCHEN,207,10
20190811,20:00,Village Cosmos ΘΕΣΣ.,ΑΙΘ 03,THE KITCHEN,189,10
20190811,22:15,Village Cosmos ΘΕΣΣ.,ΑΙΘ 03,THE KITCHEN,189,10
20190811,23:20,Village Cosmos ΘΕΣΣ.,ΑΙΘ 07,THE KITCHEN,207,10
20190812,20:00,Village Cosmos ΘΕΣΣ.,ΑΙΘ 03,THE KITCHEN,189,10
20190812,22:15,Village Cosmos ΘΕΣΣ.,ΑΙΘ 03,THE KITCHEN,189,10
20190812,23:20,Village Cosmos ΘΕΣΣ.,ΑΙΘ 07,THE KITCHEN,207,10
20190813,20:00,Village Cosmos ΘΕΣΣ.,ΑΙΘ 03,THE KITCHEN,189,10
20190813,22:15,Village Cosmos ΘΕΣΣ.,ΑΙΘ 03,THE KITCHEN,189,10
20190813,23:20,Village Cosmos ΘΕΣΣ.,ΑΙΘ 07,THE KITCHEN,207,10
20190814,20:00,Village Cosmos ΘΕΣΣ.,ΑΙΘ 03,THE KITCHEN,189,10
20190814,22:15,Village Cosmos ΘΕΣΣ.,ΑΙΘ 03,THE KITCHEN,189,10
20190814,23:20,Village Cosmos ΘΕΣΣ.,ΑΙΘ 07,THE KITCHEN,207,10
20190809,20:30,Village ΑΓ. ΔΗΜΗΤΡΙΟΣ,ΑΙΘ 05,THE KITCHEN,221,11
20190809,22:45,Village ΑΓ. ΔΗΜΗΤΡΙΟΣ,ΑΙΘ 05,THE KITCHEN,221,11
20190809,23:45,Village ΑΓ. ΔΗΜΗΤΡΙΟΣ,ΑΙΘ 02,THE KITCHEN,214,11
20190810,20:30,Village ΑΓ. ΔΗΜΗΤΡΙΟΣ,ΑΙΘ 05,THE KITCHEN,221,11
20190810,22:45,Village ΑΓ. ΔΗΜΗΤΡΙΟΣ,ΑΙΘ 05,THE KITCHEN,221,11
20190810,23:45,Village ΑΓ. ΔΗΜΗΤΡΙΟΣ,ΑΙΘ 02,THE KITCHEN,214,11
20190811,20:30,Village ΑΓ. ΔΗΜΗΤΡΙΟΣ,ΑΙΘ 05,THE KITCHEN,221,11
20190811,22:45,Village ΑΓ. ΔΗΜΗΤΡΙΟΣ,ΑΙΘ 05,THE KITCHEN,221,11
20190811,23:45,Village ΑΓ. ΔΗΜΗΤΡΙΟΣ,ΑΙΘ 02,THE KITCHEN,214,11
20190812,20:30,Village ΑΓ. ΔΗΜΗΤΡΙΟΣ,ΑΙΘ 05,THE KITCHEN,221,11
20190812,22:45,Village ΑΓ. ΔΗΜΗΤΡΙΟΣ,ΑΙΘ 05,THE KITCHEN,221,11
20190812,23:45,Village ΑΓ. ΔΗΜΗΤΡΙΟΣ,ΑΙΘ 02,THE KITCHEN,214,11
20190813,20:30,Village ΑΓ. ΔΗΜΗΤΡΙΟΣ,ΑΙΘ 05,THE KITCHEN,221,11
20190813,22:45,Village ΑΓ. ΔΗΜΗΤΡΙΟΣ,ΑΙΘ 05,THE KITCHEN,221,11
20190813,23:45,Village ΑΓ. ΔΗΜΗΤΡΙΟΣ,ΑΙΘ 02,THE KITCHEN,214,11
20190814,20:30,Village ΑΓ. ΔΗΜΗΤΡΙΟΣ,ΑΙΘ 05,THE KITCHEN,221,11
20190814,22:45,Village ΑΓ. ΔΗΜΗΤΡΙΟΣ,ΑΙΘ 05,THE KITCHEN,221,11
20190814,23:45,Village ΑΓ. ΔΗΜΗΤΡΙΟΣ,ΑΙΘ 02,THE KITCHEN,214,11
20190809,20:00,Village ΠΑΓΚΡΑΤΙ,ΑΙΘ 05,THE KITCHEN,226,10
20190809,22:15,Village ΠΑΓΚΡΑΤΙ,ΑΙΘ 05,THE KITCHEN,226,10
20190809,23:30,Village ΠΑΓΚΡΑΤΙ,ΑΙΘ 03,THE KITCHEN,98,7
20190810,20:00,Village ΠΑΓΚΡΑΤΙ,ΑΙΘ 05,THE KITCHEN,226,10
20190810,22:15,Village ΠΑΓΚΡΑΤΙ,ΑΙΘ 05,THE KITCHEN,226,10
20190810,23:30,Village ΠΑΓΚΡΑΤΙ,ΑΙΘ 03,THE KITCHEN,98,7
20190811,20:00,Village ΠΑΓΚΡΑΤΙ,ΑΙΘ 05,THE KITCHEN,226,10
20190811,22:15,Village ΠΑΓΚΡΑΤΙ,ΑΙΘ 05,THE KITCHEN,226,10
20190811,23:30,Village ΠΑΓΚΡΑΤΙ,ΑΙΘ 03,THE KITCHEN,98,7
20190812,20:00,Village ΠΑΓΚΡΑΤΙ,ΑΙΘ 05,THE KITCHEN,226,10
20190812,22:15,Village ΠΑΓΚΡΑΤΙ,ΑΙΘ 05,THE KITCHEN,226,10
20190812,23:30,Village ΠΑΓΚΡΑΤΙ,ΑΙΘ 03,THE KITCHEN,98,7
20190813,20:00,Village ΠΑΓΚΡΑΤΙ,ΑΙΘ 05,THE KITCHEN,226,10
20190813,22:15,Village ΠΑΓΚΡΑΤΙ,ΑΙΘ 05,THE KITCHEN,226,10
20190813,23:30,Village ΠΑΓΚΡΑΤΙ,ΑΙΘ 03,THE KITCHEN,98,7
20190814,20:00,Village ΠΑΓΚΡΑΤΙ,ΑΙΘ 05,THE KITCHEN,226,10
20190814,22:15,Village ΠΑΓΚΡΑΤΙ,ΑΙΘ 05,THE KITCHEN,226,10
20190814,23:30,Village ΠΑΓΚΡΑΤΙ,ΑΙΘ 03,THE KITCHEN,98,7
20190809,19:30,Village ΒΟΛΟΣ,ΑΙΘ 04,THE KITCHEN,268,12
20190809,21:45,Village ΒΟΛΟΣ,ΑΙΘ 04,THE KITCHEN,269,11
20190810,19:30,Village ΒΟΛΟΣ,ΑΙΘ 04,THE KITCHEN,269,11
20190810,21:45,Village ΒΟΛΟΣ,ΑΙΘ 04,THE KITCHEN,269,11
20190811,19:30,Village ΒΟΛΟΣ,ΑΙΘ 04,THE KITCHEN,269,11
20190811,21:45,Village ΒΟΛΟΣ,ΑΙΘ 04,THE KITCHEN,269,11
20190812,19:30,Village ΒΟΛΟΣ,ΑΙΘ 04,THE KITCHEN,269,11
20190812,21:45,Village ΒΟΛΟΣ,ΑΙΘ 04,THE KITCHEN,269,11
20190813,19:30,Village ΒΟΛΟΣ,ΑΙΘ 04,THE KITCHEN,269,11
20190813,21:45,Village ΒΟΛΟΣ,ΑΙΘ 04,THE KITCHEN,269,11
20190814,19:30,Village ΒΟΛΟΣ,ΑΙΘ 04,THE KITCHEN,269,11
20190814,21:45,Village ΒΟΛΟΣ,ΑΙΘ 04,THE KITCHEN,269,11
20190809,20:30,Village ΛΑΡΙΣΑ,ΑΙΘ 01,THE KITCHEN,199,2
20190809,22:15,Village ΛΑΡΙΣΑ,ΑΙΘ 03,THE KITCHEN,243,2
20190810,20:30,Village ΛΑΡΙΣΑ,ΑΙΘ 01,THE KITCHEN,199,2
20190810,22:15,Village ΛΑΡΙΣΑ,ΑΙΘ 03,THE KITCHEN,243,2
20190811,20:30,Village ΛΑΡΙΣΑ,ΑΙΘ 01,THE KITCHEN,199,2
20190811,22:15,Village ΛΑΡΙΣΑ,ΑΙΘ 03,THE KITCHEN,243,2
20190812,20:30,Village ΛΑΡΙΣΑ,ΑΙΘ 01,THE KITCHEN,199,2
20190812,22:15,Village ΛΑΡΙΣΑ,ΑΙΘ 03,THE KITCHEN,243,2
20190813,20:30,Village ΛΑΡΙΣΑ,ΑΙΘ 01,THE KITCHEN,199,2
20190813,22:15,Village ΛΑΡΙΣΑ,ΑΙΘ 03,THE KITCHEN,243,2
20190814,20:30,Village ΛΑΡΙΣΑ,ΑΙΘ 01,THE KITCHEN,199,2
20190814,22:15,Village ΛΑΡΙΣΑ,ΑΙΘ 03,THE KITCHEN,243,2
20190809,19:15,Village ΑΤ ΤΗΕ MALL,ΑΙΘ 04,BRING THE SOUL: THE MOVIE - DOLBY ATMOS,199,24
20190809,21:30,Village ΑΤ ΤΗΕ MALL,ΑΙΘ 04,BRING THE SOUL: THE MOVIE - DOLBY ATMOS,205,18
20190810,19:15,Village ΑΤ ΤΗΕ MALL,ΑΙΘ 04,BRING THE SOUL: THE MOVIE - DOLBY ATMOS,193,30
20190810,21:30,Village ΑΤ ΤΗΕ MALL,ΑΙΘ 04,BRING THE SOUL: THE MOVIE - DOLBY ATMOS,209,14
20190811,19:15,Village ΑΤ ΤΗΕ MALL,ΑΙΘ 04,BRING THE SOUL: THE MOVIE - DOLBY ATMOS,195,28
20190811,21:30,Village ΑΤ ΤΗΕ MALL,ΑΙΘ 04,BRING THE SOUL: THE MOVIE - DOLBY ATMOS,206,17
20190809,18:10,Village ΡΕΝΤΗ,ΑΙΘ 04,BRING THE SOUL: THE MOVIE - DOLBY ATMOS,319,21
20190809,20:30,Village ΡΕΝΤΗ,ΑΙΘ 04,BRING THE SOUL: THE MOVIE - DOLBY ATMOS,329,11
20190810,18:10,Village ΡΕΝΤΗ,ΑΙΘ 04,BRING THE SOUL: THE MOVIE - DOLBY ATMOS,319,21
20190810,20:30,Village ΡΕΝΤΗ,ΑΙΘ 04,BRING THE SOUL: THE MOVIE - DOLBY ATMOS,322,18
20190811,18:10,Village ΡΕΝΤΗ,ΑΙΘ 04,BRING THE SOUL: THE MOVIE - DOLBY ATMOS,324,16
20190811,20:30,Village ΡΕΝΤΗ,ΑΙΘ 04,BRING THE SOUL: THE MOVIE - DOLBY ATMOS,329,11
20190809,21:15,Village Cosmos ΘΕΣΣ.,ΑΙΘ 05,BRING THE SOUL: THE MOVIE - DOLBY ATMOS,239,22
20190810,21:15,Village Cosmos ΘΕΣΣ.,ΑΙΘ 05,BRING THE SOUL: THE MOVIE - DOLBY ATMOS,233,28
20190811,21:15,Village Cosmos ΘΕΣΣ.,ΑΙΘ 05,BRING THE SOUL: THE MOVIE - DOLBY ATMOS,227,34
20190809,19:15,Village ΑΓ. ΔΗΜΗΤΡΙΟΣ,ΑΙΘ 02,BRING THE SOUL: THE MOVIE - DOLBY ATMOS,205,20
20190810,19:15,Village ΑΓ. ΔΗΜΗΤΡΙΟΣ,ΑΙΘ 02,BRING THE SOUL: THE MOVIE - DOLBY ATMOS,209,16
20190811,19:15,Village ΑΓ. ΔΗΜΗΤΡΙΟΣ,ΑΙΘ 02,BRING THE SOUL: THE MOVIE - DOLBY ATMOS,212,13
20190809,23:40,Village ΑΤ ΤΗΕ MALL,ΑΙΘ 03,POLAROID,135,12
20190810,23:40,Village ΑΤ ΤΗΕ MALL,ΑΙΘ 03,POLAROID,139,8
20190811,23:40,Village ΑΤ ΤΗΕ MALL,ΑΙΘ 03,POLAROID,139,8
20190812,23:40,Village ΑΤ ΤΗΕ MALL,ΑΙΘ 03,POLAROID,139,8
20190813,23:40,Village ΑΤ ΤΗΕ MALL,ΑΙΘ 03,POLAROID,139,8
20190814,23:40,Village ΑΤ ΤΗΕ MALL,ΑΙΘ 03,POLAROID,139,8
20190809,22:00,Village ΡΕΝΤΗ,ΑΙΘ 05,POLAROID,209,12
20190810,22:00,Village ΡΕΝΤΗ,ΑΙΘ 05,POLAROID,207,14
20190811,22:00,Village ΡΕΝΤΗ,ΑΙΘ 05,POLAROID,209,12
20190812,22:00,Village ΡΕΝΤΗ,ΑΙΘ 05,POLAROID,209,12
20190813,22:00,Village ΡΕΝΤΗ,ΑΙΘ 05,POLAROID,209,12
20190814,22:00,Village ΡΕΝΤΗ,ΑΙΘ 05,POLAROID,209,12
20190809,23:30,Village ΑΓ. ΔΗΜΗΤΡΙΟΣ,ΑΙΘ 04,POLAROID,133,9
20190810,23:30,Village ΑΓ. ΔΗΜΗΤΡΙΟΣ,ΑΙΘ 04,POLAROID,133,9
20190811,23:30,Village ΑΓ. ΔΗΜΗΤΡΙΟΣ,ΑΙΘ 04,POLAROID,133,9
20190812,23:30,Village ΑΓ. ΔΗΜΗΤΡΙΟΣ,ΑΙΘ 04,POLAROID,133,9
20190813,23:30,Village ΑΓ. ΔΗΜΗΤΡΙΟΣ,ΑΙΘ 04,POLAROID,133,9
20190814,23:30,Village ΑΓ. ΔΗΜΗΤΡΙΟΣ,ΑΙΘ 04,POLAROID,133,9
20190809,18:00,Village ΑΤ ΤΗΕ MALL,ΑΙΘ 09,THE LION KING (GR),154,11
20190809,19:00,Village ΑΤ ΤΗΕ MALL,ΑΙΘ 10,THE LION KING (GR),177,13
20190809,20:30,Village ΑΤ ΤΗΕ MALL,ΑΙΘ 09,THE LION KING (GR),157,8
20190810,15:30,Village ΑΤ ΤΗΕ MALL,ΑΙΘ 09,THE LION KING (GR),157,8
20190810,16:30,Village ΑΤ ΤΗΕ MALL,ΑΙΘ 10,THE LION KING (GR),180,10
20190810,18:00,Village ΑΤ ΤΗΕ MALL,ΑΙΘ 09,THE LION KING (GR),151,14
20190810,19:00,Village ΑΤ ΤΗΕ MALL,ΑΙΘ 10,THE LION KING (GR),180,10
20190810,20:30,Village ΑΤ ΤΗΕ MALL,ΑΙΘ 09,THE LION KING (GR),155,10
20190811,18:00,Village ΑΤ ΤΗΕ MALL,ΑΙΘ 09,THE LION KING (GR),157,8
20190811,19:00,Village ΑΤ ΤΗΕ MALL,ΑΙΘ 10,THE LION KING (GR),178,12
20190811,20:30,Village ΑΤ ΤΗΕ MALL,ΑΙΘ 09,THE LION KING (GR),157,8
20190812,18:00,Village ΑΤ ΤΗΕ MALL,ΑΙΘ 09,THE LION KING (GR),157,8
20190812,19:00,Village ΑΤ ΤΗΕ MALL,ΑΙΘ 10,THE LION KING (GR),180,10
20190812,19:50,Village ΑΤ ΤΗΕ MALL,ΑΙΘ 02,THE LION KING (GR),246,10
20190812,20:30,Village ΑΤ ΤΗΕ MALL,ΑΙΘ 09,THE LION KING (GR),157,8
20190813,18:00,Village ΑΤ ΤΗΕ MALL,ΑΙΘ 09,THE LION KING (GR),157,8
20190813,19:00,Village ΑΤ ΤΗΕ MALL,ΑΙΘ 10,THE LION KING (GR),180,10
20190813,19:50,Village ΑΤ ΤΗΕ MALL,ΑΙΘ 02,THE LION KING (GR),246,10
20190813,20:30,Village ΑΤ ΤΗΕ MALL,ΑΙΘ 09,THE LION KING (GR),157,8
20190814,18:00,Village ΑΤ ΤΗΕ MALL,ΑΙΘ 09,THE LION KING (GR),157,8
20190814,19:00,Village ΑΤ ΤΗΕ MALL,ΑΙΘ 10,THE LION KING (GR),180,10
20190814,19:50,Village ΑΤ ΤΗΕ MALL,ΑΙΘ 02,THE LION KING (GR),244,12
20190814,20:30,Village ΑΤ ΤΗΕ MALL,ΑΙΘ 09,THE LION KING (GR),157,8
20190809,18:00,Village ΦΑΛΗΡΟ,KIDS 03,THE LION KING (GR),45,5
20190809,18:30,Village ΦΑΛΗΡΟ,ΑΙΘ 01,THE LION KING (GR),234,8
20190809,19:15,Village ΦΑΛΗΡΟ,ΑΙΘ 05,THE LION KING (GR),167,12
20190809,20:45,Village ΦΑΛΗΡΟ,KIDS 03,THE LION KING (GR),48,2
20190809,21:00,Village ΦΑΛΗΡΟ,ΑΙΘ 01,THE LION KING (GR),234,8
20190810,18:00,Village ΦΑΛΗΡΟ,KIDS 03,THE LION KING (GR),48,2
20190810,18:30,Village ΦΑΛΗΡΟ,ΑΙΘ 01,THE LION KING (GR),234,8
20190810,19:15,Village ΦΑΛΗΡΟ,ΑΙΘ 05,THE LION KING (GR),171,8
20190810,20:45,Village ΦΑΛΗΡΟ,KIDS 03,THE LION KING (GR),48,2
20190810,21:00,Village ΦΑΛΗΡΟ,ΑΙΘ 01,THE LION KING (GR),234,8
20190811,18:00,Village ΦΑΛΗΡΟ,KIDS 03,THE LION KING (GR),48,2
20190811,18:30,Village ΦΑΛΗΡΟ,ΑΙΘ 01,THE LION KING (GR),234,8
20190811,19:15,Village ΦΑΛΗΡΟ,ΑΙΘ 05,THE LION KING (GR),171,8
20190811,20:45,Village ΦΑΛΗΡΟ,KIDS 03,THE LION KING (GR),48,2
20190811,21:00,Village ΦΑΛΗΡΟ,ΑΙΘ 01,THE LION KING (GR),234,8
20190812,18:00,Village ΦΑΛΗΡΟ,KIDS 03,THE LION KING (GR),48,2
20190812,18:30,Village ΦΑΛΗΡΟ,ΑΙΘ 01,THE LION KING (GR),234,8
20190812,19:15,Village ΦΑΛΗΡΟ,ΑΙΘ 05,THE LION KING (GR),171,8
20190812,20:45,Village ΦΑΛΗΡΟ,KIDS 03,THE LION KING (GR),48,2
20190812,21:00,Village ΦΑΛΗΡΟ,ΑΙΘ 01,THE LION KING (GR),234,8
20190813,18:00,Village ΦΑΛΗΡΟ,KIDS 03,THE LION KING (GR),48,2
20190813,18:30,Village ΦΑΛΗΡΟ,ΑΙΘ 01,THE LION KING (GR),234,8
20190813,19:15,Village ΦΑΛΗΡΟ,ΑΙΘ 05,THE LION KING (GR),171,8
20190813,20:45,Village ΦΑΛΗΡΟ,KIDS 03,THE LION KING (GR),48,2
20190813,21:00,Village ΦΑΛΗΡΟ,ΑΙΘ 01,THE LION KING (GR),234,8
20190814,18:00,Village ΦΑΛΗΡΟ,KIDS 03,THE LION KING (GR),48,2
20190814,18:30,Village ΦΑΛΗΡΟ,ΑΙΘ 01,THE LION KING (GR),233,9
20190814,19:15,Village ΦΑΛΗΡΟ,ΑΙΘ 05,THE LION KING (GR),171,8
20190814,20:45,Village ΦΑΛΗΡΟ,KIDS 03,THE LION KING (GR),48,2
20190814,21:00,Village ΦΑΛΗΡΟ,ΑΙΘ 01,THE LION KING (GR),234,8
20190809,18:00,Village ΡΕΝΤΗ,KIDS 01,THE LION KING (GR),34,9
20190809,18:10,Village ΡΕΝΤΗ,ΑΙΘ 11,THE LION KING (GR),245,10
20190809,18:20,Village ΡΕΝΤΗ,KIDS 02,THE LION KING (GR),43,0
20190809,19:00,Village ΡΕΝΤΗ,ΑΙΘ 06,THE LION KING (GR),223,11
20190809,19:30,Village ΡΕΝΤΗ,ΑΙΘ 05,THE LION KING (GR),209,12
20190809,20:10,Village ΡΕΝΤΗ,ΑΙΘ 14,THE LION KING (GR),241,13
20190809,20:40,Village ΡΕΝΤΗ,KIDS 01,THE LION KING (GR),41,2
20190809,21:00,Village ΡΕΝΤΗ,KIDS 02,THE LION KING (GR),39,4
20190810,18:00,Village ΡΕΝΤΗ,KIDS 01,THE LION KING (GR),43,0
20190810,18:10,Village ΡΕΝΤΗ,ΑΙΘ 11,THE LION KING (GR),245,10
20190810,18:20,Village ΡΕΝΤΗ,KIDS 02,THE LION KING (GR),39,4
20190810,19:00,Village ΡΕΝΤΗ,ΑΙΘ 06,THE LION KING (GR),223,11
20190810,19:30,Village ΡΕΝΤΗ,ΑΙΘ 05,THE LION KING (GR),209,12
20190810,20:10,Village ΡΕΝΤΗ,ΑΙΘ 14,THE LION KING (GR),240,14
20190810,20:40,Village ΡΕΝΤΗ,KIDS 01,THE LION KING (GR),43,0
20190810,21:00,Village ΡΕΝΤΗ,KIDS 02,THE LION KING (GR),43,0
20190811,18:00,Village ΡΕΝΤΗ,KIDS 01,THE LION KING (GR),43,0
20190811,18:10,Village ΡΕΝΤΗ,ΑΙΘ 11,THE LION KING (GR),245,10
20190811,18:20,Village ΡΕΝΤΗ,KIDS 02,THE LION KING (GR),43,0
20190811,19:00,Village ΡΕΝΤΗ,ΑΙΘ 06,THE LION KING (GR),223,11
20190811,19:30,Village ΡΕΝΤΗ,ΑΙΘ 05,THE LION KING (GR),209,12
20190811,20:10,Village ΡΕΝΤΗ,ΑΙΘ 14,THE LION KING (GR),243,11
20190811,20:40,Village ΡΕΝΤΗ,KIDS 01,THE LION KING (GR),43,0
20190811,21:00,Village ΡΕΝΤΗ,KIDS 02,THE LION KING (GR),43,0
20190812,18:00,Village ΡΕΝΤΗ,KIDS 01,THE LION KING (GR),43,0
20190812,18:10,Village ΡΕΝΤΗ,ΑΙΘ 11,THE LION KING (GR),245,10
20190812,18:20,Village ΡΕΝΤΗ,KIDS 02,THE LION KING (GR),43,0
20190812,19:00,Village ΡΕΝΤΗ,ΑΙΘ 06,THE LION KING (GR),223,11
20190812,19:30,Village ΡΕΝΤΗ,ΑΙΘ 08,THE LION KING (GR),317,12
20190812,20:10,Village ΡΕΝΤΗ,ΑΙΘ 14,THE LION KING (GR),243,11
20190812,20:40,Village ΡΕΝΤΗ,KIDS 01,THE LION KING (GR),43,0
20190812,21:00,Village ΡΕΝΤΗ,KIDS 02,THE LION KING (GR),43,0
20190813,18:00,Village ΡΕΝΤΗ,KIDS 01,THE LION KING (GR),43,0
20190813,18:10,Village ΡΕΝΤΗ,ΑΙΘ 11,THE LION KING (GR),245,10
20190813,18:20,Village ΡΕΝΤΗ,KIDS 02,THE LION KING (GR),43,0
20190813,19:00,Village ΡΕΝΤΗ,ΑΙΘ 06,THE LION KING (GR),223,11
20190813,19:30,Village ΡΕΝΤΗ,ΑΙΘ 08,THE LION KING (GR),317,12
20190813,20:10,Village ΡΕΝΤΗ,ΑΙΘ 14,THE LION KING (GR),243,11
20190813,20:40,Village ΡΕΝΤΗ,KIDS 01,THE LION KING (GR),43,0
20190813,21:00,Village ΡΕΝΤΗ,KIDS 02,THE LION KING (GR),41,2
20190814,18:00,Village ΡΕΝΤΗ,KIDS 01,THE LION KING (GR),43,0
20190814,18:10,Village ΡΕΝΤΗ,ΑΙΘ 11,THE LION KING (GR),245,10
20190814,18:20,Village ΡΕΝΤΗ,KIDS 02,THE LION KING (GR),34,9
20190814,19:00,Village ΡΕΝΤΗ,ΑΙΘ 06,THE LION KING (GR),223,11
20190814,19:30,Village ΡΕΝΤΗ,ΑΙΘ 08,THE LION KING (GR),317,12
20190814,20:10,Village ΡΕΝΤΗ,ΑΙΘ 14,THE LION KING (GR),243,11
20190814,20:40,Village ΡΕΝΤΗ,KIDS 01,THE LION KING (GR),32,11
20190814,21:00,Village ΡΕΝΤΗ,KIDS 02,THE LION KING (GR),43,0
20190809,18:00,Village Cosmos ΘΕΣΣ.,KIDS 09,THE LION KING (GR),36,9
20190809,18:20,Village Cosmos ΘΕΣΣ.,ΑΙΘ 07,THE LION KING (GR),207,10
20190809,19:30,Village Cosmos ΘΕΣΣ.,ΑΙΘ 04,THE LION KING (GR),369,18
20190809,20:15,Village Cosmos ΘΕΣΣ.,ΑΙΘ 01,THE LION KING (GR),109,8
20190809,20:40,Village Cosmos ΘΕΣΣ.,KIDS 09,THE LION KING (GR),45,0
20190809,21:00,Village Cosmos ΘΕΣΣ.,ΘΕΡΙΝΟΣ,THE LION KING (GR),251,15
20190810,17:00,Village Cosmos ΘΕΣΣ.,ΑΙΘ 04,THE LION KING (GR),369,18
20190810,18:00,Village Cosmos ΘΕΣΣ.,KIDS 09,THE LION KING (GR),41,4
20190810,18:20,Village Cosmos ΘΕΣΣ.,ΑΙΘ 07,THE LION KING (GR),207,10
20190810,19:30,Village Cosmos ΘΕΣΣ.,ΑΙΘ 04,THE LION KING (GR),369,18
20190810,20:15,Village Cosmos ΘΕΣΣ.,ΑΙΘ 01,THE LION KING (GR),109,8
20190810,20:40,Village Cosmos ΘΕΣΣ.,KIDS 09,THE LION KING (GR),45,0
20190810,21:00,Village Cosmos ΘΕΣΣ.,ΘΕΡΙΝΟΣ,THE LION KING (GR),256,10
20190811,18:00,Village Cosmos ΘΕΣΣ.,KIDS 09,THE LION KING (GR),38,7
20190811,18:20,Village Cosmos ΘΕΣΣ.,ΑΙΘ 07,THE LION KING (GR),207,10
20190811,19:30,Village Cosmos ΘΕΣΣ.,ΑΙΘ 04,THE LION KING (GR),369,18
20190811,20:15,Village Cosmos ΘΕΣΣ.,ΑΙΘ 01,THE LION KING (GR),109,8
20190811,20:40,Village Cosmos ΘΕΣΣ.,KIDS 09,THE LION KING (GR),45,0
20190811,21:00,Village Cosmos ΘΕΣΣ.,ΘΕΡΙΝΟΣ,THE LION KING (GR),256,10
20190812,18:00,Village Cosmos ΘΕΣΣ.,KIDS 09,THE LION KING (GR),45,0
20190812,18:20,Village Cosmos ΘΕΣΣ.,ΑΙΘ 07,THE LION KING (GR),207,10
20190812,19:30,Village Cosmos ΘΕΣΣ.,ΑΙΘ 04,THE LION KING (GR),369,18
20190812,20:15,Village Cosmos ΘΕΣΣ.,ΑΙΘ 01,THE LION KING (GR),109,8
20190812,20:40,Village Cosmos ΘΕΣΣ.,KIDS 09,THE LION KING (GR),45,0
20190812,21:00,Village Cosmos ΘΕΣΣ.,ΘΕΡΙΝΟΣ,THE LION KING (GR),256,10
20190813,18:00,Village Cosmos ΘΕΣΣ.,KIDS 09,THE LION KING (GR),45,0
20190813,18:20,Village Cosmos ΘΕΣΣ.,ΑΙΘ 07,THE LION KING (GR),207,10
20190813,19:30,Village Cosmos ΘΕΣΣ.,ΑΙΘ 04,THE LION KING (GR),369,18
20190813,20:15,Village Cosmos ΘΕΣΣ.,ΑΙΘ 01,THE LION KING (GR),109,8
20190813,20:40,Village Cosmos ΘΕΣΣ.,KIDS 09,THE LION KING (GR),45,0
20190813,21:00,Village Cosmos ΘΕΣΣ.,ΘΕΡΙΝΟΣ,THE LION KING (GR),256,10
20190814,18:00,Village Cosmos ΘΕΣΣ.,KIDS 09,THE LION KING (GR),45,0
20190814,18:20,Village Cosmos ΘΕΣΣ.,ΑΙΘ 07,THE LION KING (GR),207,10
20190814,19:30,Village Cosmos ΘΕΣΣ.,ΑΙΘ 04,THE LION KING (GR),369,18
20190814,20:15,Village Cosmos ΘΕΣΣ.,ΑΙΘ 01,THE LION KING (GR),109,8
20190814,20:40,Village Cosmos ΘΕΣΣ.,KIDS 09,THE LION KING (GR),43,2
20190814,21:00,Village Cosmos ΘΕΣΣ.,ΘΕΡΙΝΟΣ,THE LION KING (GR),256,10
20190809,18:00,Village ΑΓ. ΔΗΜΗΤΡΙΟΣ,ΑΙΘ 05,THE LION KING (GR),219,13
20190809,19:30,Village ΑΓ. ΔΗΜΗΤΡΙΟΣ,ΑΙΘ 03,THE LION KING (GR),133,9
20190810,15:00,Village ΑΓ. ΔΗΜΗΤΡΙΟΣ,ΑΙΘ 05,THE LION KING (GR),221,11
20190810,16:00,Village ΑΓ. ΔΗΜΗΤΡΙΟΣ,ΑΙΘ 04,THE LION KING (GR),133,9
20190810,17:00,Village ΑΓ. ΔΗΜΗΤΡΙΟΣ,ΑΙΘ 03,THE LION KING (GR),133,9
20190810,18:00,Village ΑΓ. ΔΗΜΗΤΡΙΟΣ,ΑΙΘ 05,THE LION KING (GR),221,11
20190810,19:30,Village ΑΓ. ΔΗΜΗΤΡΙΟΣ,ΑΙΘ 03,THE LION KING (GR),133,9
20190811,17:00,Village ΑΓ. ΔΗΜΗΤΡΙΟΣ,ΑΙΘ 03,THE LION KING (GR),133,9
20190811,18:00,Village ΑΓ. ΔΗΜΗΤΡΙΟΣ,ΑΙΘ 05,THE LION KING (GR),221,11
20190811,19:30,Village ΑΓ. ΔΗΜΗΤΡΙΟΣ,ΑΙΘ 03,THE LION KING (GR),133,9
20190812,18:00,Village ΑΓ. ΔΗΜΗΤΡΙΟΣ,ΑΙΘ 05,THE LION KING (GR),221,11
20190812,19:00,Village ΑΓ. ΔΗΜΗΤΡΙΟΣ,ΑΙΘ 02,THE LION KING (GR),214,11
20190812,19:30,Village ΑΓ. ΔΗΜΗΤΡΙΟΣ,ΑΙΘ 03,THE LION KING (GR),133,9
20190813,18:00,Village ΑΓ. ΔΗΜΗΤΡΙΟΣ,ΑΙΘ 05,THE LION KING (GR),221,11
20190813,19:00,Village ΑΓ. ΔΗΜΗΤΡΙΟΣ,ΑΙΘ 02,THE LION KING (GR),214,11
20190813,19:30,Village ΑΓ. ΔΗΜΗΤΡΙΟΣ,ΑΙΘ 03,THE LION KING (GR),133,9
20190814,18:00,Village ΑΓ. ΔΗΜΗΤΡΙΟΣ,ΑΙΘ 05,THE LION KING (GR),221,11
20190814,19:00,Village ΑΓ. ΔΗΜΗΤΡΙΟΣ,ΑΙΘ 02,THE LION KING (GR),214,11
20190814,19:30,Village ΑΓ. ΔΗΜΗΤΡΙΟΣ,ΑΙΘ 03,THE LION KING (GR),133,9
20190809,19:00,Village ΠΑΓΚΡΑΤΙ,ΑΙΘ 02,THE LION KING (GR),98,7
20190810,18:15,Village ΠΑΓΚΡΑΤΙ,ΑΙΘ 03,THE LION KING (GR),98,7
20190810,19:00,Village ΠΑΓΚΡΑΤΙ,ΑΙΘ 02,THE LION KING (GR),98,7
20190811,18:15,Village ΠΑΓΚΡΑΤΙ,ΑΙΘ 03,THE LION KING (GR),98,7
20190811,19:00,Village ΠΑΓΚΡΑΤΙ,ΑΙΘ 02,THE LION KING (GR),98,7
20190812,19:00,Village ΠΑΓΚΡΑΤΙ,ΑΙΘ 02,THE LION KING (GR),98,7
20190813,19:00,Village ΠΑΓΚΡΑΤΙ,ΑΙΘ 02,THE LION KING (GR),98,7
20190814,19:00,Village ΠΑΓΚΡΑΤΙ,ΑΙΘ 02,THE LION KING (GR),98,7
20190809,21:10,Village ΡΕΝΤΗ Θερινό,θΕΡΙΝΟΣ,THE LION KING (GR),314,8
20190810,21:10,Village ΡΕΝΤΗ Θερινό,θΕΡΙΝΟΣ,THE LION KING (GR),314,8
20190811,21:10,Village ΡΕΝΤΗ Θερινό,θΕΡΙΝΟΣ,THE LION KING (GR),314,8
20190812,21:10,Village ΡΕΝΤΗ Θερινό,θΕΡΙΝΟΣ,THE LION KING (GR),314,8
20190813,21:10,Village ΡΕΝΤΗ Θερινό,θΕΡΙΝΟΣ,THE LION KING (GR),314,8
20190814,21:10,Village ΡΕΝΤΗ Θερινό,θΕΡΙΝΟΣ,THE LION KING (GR),312,10
20190809,18:30,Village ΒΟΛΟΣ,ΑΙΘ 01,THE LION KING (GR),146,7
20190810,18:30,Village ΒΟΛΟΣ,ΑΙΘ 01,THE LION KING (GR),146,7
20190811,18:30,Village ΒΟΛΟΣ,ΑΙΘ 01,THE LION KING (GR),146,7
20190812,18:30,Village ΒΟΛΟΣ,ΑΙΘ 01,THE LION KING (GR),146,7
20190813,18:30,Village ΒΟΛΟΣ,ΑΙΘ 01,THE LION KING (GR),146,7
20190814,18:30,Village ΒΟΛΟΣ,ΑΙΘ 01,THE LION KING (GR),146,7
20190809,18:00,Village ΛΑΡΙΣΑ,ΑΙΘ 01,THE LION KING (GR),199,2
20190809,19:15,Village ΛΑΡΙΣΑ,ΑΙΘ 02,THE LION KING (GR),199,2
20190810,18:00,Village ΛΑΡΙΣΑ,ΑΙΘ 01,THE LION KING (GR),199,2
20190810,19:15,Village ΛΑΡΙΣΑ,ΑΙΘ 02,THE LION KING (GR),199,2
20190811,18:00,Village ΛΑΡΙΣΑ,ΑΙΘ 01,THE LION KING (GR),199,2
20190811,19:15,Village ΛΑΡΙΣΑ,ΑΙΘ 02,THE LION KING (GR),199,2
20190812,18:00,Village ΛΑΡΙΣΑ,ΑΙΘ 01,THE LION KING (GR),199,2
20190812,19:15,Village ΛΑΡΙΣΑ,ΑΙΘ 02,THE LION KING (GR),199,2
20190813,18:00,Village ΛΑΡΙΣΑ,ΑΙΘ 01,THE LION KING (GR),199,2
20190813,19:15,Village ΛΑΡΙΣΑ,ΑΙΘ 02,THE LION KING (GR),199,2
20190814,18:00,Village ΛΑΡΙΣΑ,ΑΙΘ 01,THE LION KING (GR),199,2
20190814,19:15,Village ΛΑΡΙΣΑ,ΑΙΘ 02,THE LION KING (GR),199,2
20190809,18:20,Village ΑΤ ΤΗΕ MALL,ΑΙΘ 06,SPIDER-MAN: FAR FROM HOME,114,10
20190809,19:15,Village ΑΤ ΤΗΕ MALL,ΑΙΘ 11,SPIDER-MAN: FAR FROM HOME,123,10
20190809,21:20,Village ΑΤ ΤΗΕ MALL,ΑΙΘ 06,SPIDER-MAN: FAR FROM HOME,107,17
20190809,22:00,Village ΑΤ ΤΗΕ MALL,ΑΙΘ 11,SPIDER-MAN: FAR FROM HOME,125,8
20190809,23:10,Village ΑΤ ΤΗΕ MALL,ΑΙΘ 02,SPIDER-MAN: FAR FROM HOME,246,10
20190810,15:10,Village ΑΤ ΤΗΕ MALL,ΑΙΘ 06,SPIDER-MAN: FAR FROM HOME,114,10
20190810,16:15,Village ΑΤ ΤΗΕ MALL,ΑΙΘ 11,SPIDER-MAN: FAR FROM HOME,123,10
20190810,18:20,Village ΑΤ ΤΗΕ MALL,ΑΙΘ 06,SPIDER-MAN: FAR FROM HOME,114,10
20190810,19:15,Village ΑΤ ΤΗΕ MALL,ΑΙΘ 11,SPIDER-MAN: FAR FROM HOME,122,11
20190810,21:20,Village ΑΤ ΤΗΕ MALL,ΑΙΘ 06,SPIDER-MAN: FAR FROM HOME,114,10
20190810,22:00,Village ΑΤ ΤΗΕ MALL,ΑΙΘ 11,SPIDER-MAN: FAR FROM HOME,125,8
20190810,23:10,Village ΑΤ ΤΗΕ MALL,ΑΙΘ 02,SPIDER-MAN: FAR FROM HOME,246,10
20190811,18:20,Village ΑΤ ΤΗΕ MALL,ΑΙΘ 06,SPIDER-MAN: FAR FROM HOME,114,10
20190811,19:15,Village ΑΤ ΤΗΕ MALL,ΑΙΘ 11,SPIDER-MAN: FAR FROM HOME,125,8
20190811,21:20,Village ΑΤ ΤΗΕ MALL,ΑΙΘ 06,SPIDER-MAN: FAR FROM HOME,114,10
20190811,22:00,Village ΑΤ ΤΗΕ MALL,ΑΙΘ 11,SPIDER-MAN: FAR FROM HOME,125,8
20190811,23:10,Village ΑΤ ΤΗΕ MALL,ΑΙΘ 02,SPIDER-MAN: FAR FROM HOME,246,10
20190812,18:20,Village ΑΤ ΤΗΕ MALL,ΑΙΘ 06,SPIDER-MAN: FAR FROM HOME,114,10
20190812,19:15,Village ΑΤ ΤΗΕ MALL,ΑΙΘ 11,SPIDER-MAN: FAR FROM HOME,125,8
20190812,21:20,Village ΑΤ ΤΗΕ MALL,ΑΙΘ 06,SPIDER-MAN: FAR FROM HOME,114,10
20190812,22:00,Village ΑΤ ΤΗΕ MALL,ΑΙΘ 11,SPIDER-MAN: FAR FROM HOME,125,8
20190813,18:20,Village ΑΤ ΤΗΕ MALL,ΑΙΘ 06,SPIDER-MAN: FAR FROM HOME,114,10
20190813,19:15,Village ΑΤ ΤΗΕ MALL,ΑΙΘ 11,SPIDER-MAN: FAR FROM HOME,125,8
20190813,21:20,Village ΑΤ ΤΗΕ MALL,ΑΙΘ 06,SPIDER-MAN: FAR FROM HOME,114,10
20190813,22:00,Village ΑΤ ΤΗΕ MALL,ΑΙΘ 11,SPIDER-MAN: FAR FROM HOME,125,8
20190814,18:20,Village ΑΤ ΤΗΕ MALL,ΑΙΘ 06,SPIDER-MAN: FAR FROM HOME,114,10
20190814,19:15,Village ΑΤ ΤΗΕ MALL,ΑΙΘ 11,SPIDER-MAN: FAR FROM HOME,124,9
20190814,21:20,Village ΑΤ ΤΗΕ MALL,ΑΙΘ 06,SPIDER-MAN: FAR FROM HOME,114,10
20190814,22:00,Village ΑΤ ΤΗΕ MALL,ΑΙΘ 11,SPIDER-MAN: FAR FROM HOME,125,8
20190809,21:45,Village ΦΑΛΗΡΟ,ΑΙΘ 05,SPIDER-MAN: FAR FROM HOME,171,8
20190810,21:45,Village ΦΑΛΗΡΟ,ΑΙΘ 05,SPIDER-MAN: FAR FROM HOME,171,8
20190811,21:45,Village ΦΑΛΗΡΟ,ΑΙΘ 05,SPIDER-MAN: FAR FROM HOME,171,8
20190812,21:45,Village ΦΑΛΗΡΟ,ΑΙΘ 05,SPIDER-MAN: FAR FROM HOME,171,8
20190813,21:45,Village ΦΑΛΗΡΟ,ΑΙΘ 05,SPIDER-MAN: FAR FROM HOME,171,8
20190814,21:45,Village ΦΑΛΗΡΟ,ΑΙΘ 05,SPIDER-MAN: FAR FROM HOME,171,8
20190809,18:50,Village ΡΕΝΤΗ,ΑΙΘ 13,SPIDER-MAN: FAR FROM HOME,240,11
20190809,21:40,Village ΡΕΝΤΗ,ΑΙΘ 13,SPIDER-MAN: FAR FROM HOME,240,11
20190809,22:50,Village ΡΕΝΤΗ,ΑΙΘ 04,SPIDER-MAN: FAR FROM HOME,329,11
20190809,23:40,Village ΡΕΝΤΗ,ΑΙΘ 07,SPIDER-MAN: FAR FROM HOME,305,12
20190810,18:50,Village ΡΕΝΤΗ,ΑΙΘ 13,SPIDER-MAN: FAR FROM HOME,240,11
20190810,21:40,Village ΡΕΝΤΗ,ΑΙΘ 13,SPIDER-MAN: FAR FROM HOME,238,13
20190810,22:50,Village ΡΕΝΤΗ,ΑΙΘ 04,SPIDER-MAN: FAR FROM HOME,329,11
20190810,23:40,Village ΡΕΝΤΗ,ΑΙΘ 07,SPIDER-MAN: FAR FROM HOME,305,12
20190811,18:50,Village ΡΕΝΤΗ,ΑΙΘ 13,SPIDER-MAN: FAR FROM HOME,240,11
20190811,21:40,Village ΡΕΝΤΗ,ΑΙΘ 13,SPIDER-MAN: FAR FROM HOME,240,11
20190811,22:50,Village ΡΕΝΤΗ,ΑΙΘ 04,SPIDER-MAN: FAR FROM HOME,329,11
20190811,23:40,Village ΡΕΝΤΗ,ΑΙΘ 07,SPIDER-MAN: FAR FROM HOME,305,12
20190812,18:50,Village ΡΕΝΤΗ,ΑΙΘ 13,SPIDER-MAN: FAR FROM HOME,240,11
20190812,21:40,Village ΡΕΝΤΗ,ΑΙΘ 13,SPIDER-MAN: FAR FROM HOME,240,11
20190813,18:50,Village ΡΕΝΤΗ,ΑΙΘ 13,SPIDER-MAN: FAR FROM HOME,240,11
20190813,21:40,Village ΡΕΝΤΗ,ΑΙΘ 13,SPIDER-MAN: FAR FROM HOME,240,11
20190814,18:50,Village ΡΕΝΤΗ,ΑΙΘ 13,SPIDER-MAN: FAR FROM HOME,240,11
20190814,21:40,Village ΡΕΝΤΗ,ΑΙΘ 13,SPIDER-MAN: FAR FROM HOME,240,11
20190809,18:50,Village Cosmos ΘΕΣΣ.,ΑΙΘ 02,SPIDER-MAN: FAR FROM HOME,103,11
20190809,21:40,Village Cosmos ΘΕΣΣ.,ΑΙΘ 02,SPIDER-MAN: FAR FROM HOME,106,8
20190810,18:50,Village Cosmos ΘΕΣΣ.,ΑΙΘ 02,SPIDER-MAN: FAR FROM HOME,106,8
20190810,21:40,Village Cosmos ΘΕΣΣ.,ΑΙΘ 02,SPIDER-MAN: FAR FROM HOME,106,8
20190811,18:50,Village Cosmos ΘΕΣΣ.,ΑΙΘ 02,SPIDER-MAN: FAR FROM HOME,106,8
20190811,21:40,Village Cosmos ΘΕΣΣ.,ΑΙΘ 02,SPIDER-MAN: FAR FROM HOME,106,8
20190812,18:50,Village Cosmos ΘΕΣΣ.,ΑΙΘ 02,SPIDER-MAN: FAR FROM HOME,106,8
20190812,21:40,Village Cosmos ΘΕΣΣ.,ΑΙΘ 02,SPIDER-MAN: FAR FROM HOME,106,8
20190813,18:50,Village Cosmos ΘΕΣΣ.,ΑΙΘ 02,SPIDER-MAN: FAR FROM HOME,106,8
20190813,21:40,Village Cosmos ΘΕΣΣ.,ΑΙΘ 02,SPIDER-MAN: FAR FROM HOME,106,8
20190814,18:50,Village Cosmos ΘΕΣΣ.,ΑΙΘ 02,SPIDER-MAN: FAR FROM HOME,106,8
20190814,21:40,Village Cosmos ΘΕΣΣ.,ΑΙΘ 02,SPIDER-MAN: FAR FROM HOME,106,8
20190809,22:30,Village ΑΓ. ΔΗΜΗΤΡΙΟΣ,ΑΙΘ 01,SPIDER-MAN: FAR FROM HOME,225,11
20190810,22:30,Village ΑΓ. ΔΗΜΗΤΡΙΟΣ,ΑΙΘ 01,SPIDER-MAN: FAR FROM HOME,225,11
20190811,22:30,Village ΑΓ. ΔΗΜΗΤΡΙΟΣ,ΑΙΘ 01,SPIDER-MAN: FAR FROM HOME,225,11
20190812,19:50,Village ΑΓ. ΔΗΜΗΤΡΙΟΣ,ΑΙΘ 01,SPIDER-MAN: FAR FROM HOME,225,11
20190812,22:30,Village ΑΓ. ΔΗΜΗΤΡΙΟΣ,ΑΙΘ 01,SPIDER-MAN: FAR FROM HOME,225,11
20190813,19:50,Village ΑΓ. ΔΗΜΗΤΡΙΟΣ,ΑΙΘ 01,SPIDER-MAN: FAR FROM HOME,225,11
20190813,22:30,Village ΑΓ. ΔΗΜΗΤΡΙΟΣ,ΑΙΘ 01,SPIDER-MAN: FAR FROM HOME,225,11
20190814,19:50,Village ΑΓ. ΔΗΜΗΤΡΙΟΣ,ΑΙΘ 01,SPIDER-MAN: FAR FROM HOME,225,11
20190814,22:30,Village ΑΓ. ΔΗΜΗΤΡΙΟΣ,ΑΙΘ 01,SPIDER-MAN: FAR FROM HOME,225,11
20190809,20:45,Village ΠΑΓΚΡΑΤΙ,ΑΙΘ 03,SPIDER-MAN: FAR FROM HOME,98,7
20190810,20:45,Village ΠΑΓΚΡΑΤΙ,ΑΙΘ 03,SPIDER-MAN: FAR FROM HOME,98,7
20190811,20:45,Village ΠΑΓΚΡΑΤΙ,ΑΙΘ 03,SPIDER-MAN: FAR FROM HOME,98,7
20190812,20:45,Village ΠΑΓΚΡΑΤΙ,ΑΙΘ 03,SPIDER-MAN: FAR FROM HOME,98,7
20190813,20:45,Village ΠΑΓΚΡΑΤΙ,ΑΙΘ 03,SPIDER-MAN: FAR FROM HOME,98,7
20190814,20:45,Village ΠΑΓΚΡΑΤΙ,ΑΙΘ 03,SPIDER-MAN: FAR FROM HOME,98,7
20190812,20:00,Village ΒΟΛΟΣ,ΑΙΘ 02,SPIDER-MAN: FAR FROM HOME,280,11
20190813,20:00,Village ΒΟΛΟΣ,ΑΙΘ 02,SPIDER-MAN: FAR FROM HOME,280,11
20190814,20:00,Village ΒΟΛΟΣ,ΑΙΘ 02,SPIDER-MAN: FAR FROM HOME,275,16
20190812,19:30,Village ΛΑΡΙΣΑ,ΑΙΘ 03,SPIDER-MAN: FAR FROM HOME,241,4
20190813,19:30,Village ΛΑΡΙΣΑ,ΑΙΘ 03,SPIDER-MAN: FAR FROM HOME,243,2
20190814,19:30,Village ΛΑΡΙΣΑ,ΑΙΘ 03,SPIDER-MAN: FAR FROM HOME,243,2
20190809,17:30,Village ΑΤ ΤΗΕ MALL,ΑΙΘ 01,TOY STORY 4 (GR),93,14
20190810,15:20,Village ΑΤ ΤΗΕ MALL,ΑΙΘ 01,TOY STORY 4 (GR),99,8
20190810,17:30,Village ΑΤ ΤΗΕ MALL,ΑΙΘ 01,TOY STORY 4 (GR),99,8
20190811,17:30,Village ΑΤ ΤΗΕ MALL,ΑΙΘ 01,TOY STORY 4 (GR),99,8
20190812,17:30,Village ΑΤ ΤΗΕ MALL,ΑΙΘ 01,TOY STORY 4 (GR),99,8
20190813,17:30,Village ΑΤ ΤΗΕ MALL,ΑΙΘ 01,TOY STORY 4 (GR),99,8
20190814,17:30,Village ΑΤ ΤΗΕ MALL,ΑΙΘ 01,TOY STORY 4 (GR),96,11
20190809,18:30,Village ΡΕΝΤΗ,ΑΙΘ 03,TOY STORY 4 (GR),122,7
20190810,18:30,Village ΡΕΝΤΗ,ΑΙΘ 03,TOY STORY 4 (GR),122,7
20190811,18:30,Village ΡΕΝΤΗ,ΑΙΘ 03,TOY STORY 4 (GR),122,7
20190812,18:30,Village ΡΕΝΤΗ,ΑΙΘ 03,TOY STORY 4 (GR),122,7
20190813,18:30,Village ΡΕΝΤΗ,ΑΙΘ 03,TOY STORY 4 (GR),122,7
20190814,18:30,Village ΡΕΝΤΗ,ΑΙΘ 03,TOY STORY 4 (GR),122,7
20190809,18:00,Village Cosmos ΘΕΣΣ.,ΑΙΘ 01,TOY STORY 4 (GR),109,8
20190810,18:00,Village Cosmos ΘΕΣΣ.,ΑΙΘ 01,TOY STORY 4 (GR),109,8
20190811,18:00,Village Cosmos ΘΕΣΣ.,ΑΙΘ 01,TOY STORY 4 (GR),109,8
20190812,18:00,Village Cosmos ΘΕΣΣ.,ΑΙΘ 01,TOY STORY 4 (GR),109,8
20190813,18:00,Village Cosmos ΘΕΣΣ.,ΑΙΘ 01,TOY STORY 4 (GR),109,8
20190814,18:00,Village Cosmos ΘΕΣΣ.,ΑΙΘ 01,TOY STORY 4 (GR),109,8
20190810,15:30,Village ΑΓ. ΔΗΜΗΤΡΙΟΣ,ΑΙΘ 01,TOY STORY 4 (GR),225,11
20191002,20:00,Village ΒΟΛΟΣ,ΑΙΘ 03,ROGER WATERS US + THEM,146,7
20191002,20:30,Village ΛΑΡΙΣΑ,ΑΙΘ 01,ROGER WATERS US + THEM,199,2
20190827,20:00,Village ΑΤ ΤΗΕ MALL,ΑΙΘ 04,IRIS: A SPACE OPERA BY JUSTICE - DOLBY ATMOS,157,66
20190809,17:40,Village ΑΤ ΤΗΕ MALL,ΑΙΘ 08,BRING THE SOUL: THE MOVIE,133,28
20190809,18:30,Village ΑΤ ΤΗΕ MALL,ΑΙΘ 02,BRING THE SOUL: THE MOVIE,221,35
20190809,20:00,Village ΑΤ ΤΗΕ MALL,ΑΙΘ 08,BRING THE SOUL: THE MOVIE,149,12
20190809,20:45,Village ΑΤ ΤΗΕ MALL,ΑΙΘ 02,BRING THE SOUL: THE MOVIE,243,13
20190810,15:20,Village ΑΤ ΤΗΕ MALL,ΑΙΘ 08,BRING THE SOUL: THE MOVIE,142,19
20190810,17:40,Village ΑΤ ΤΗΕ MALL,ΑΙΘ 08,BRING THE SOUL: THE MOVIE,142,19
20190810,18:30,Village ΑΤ ΤΗΕ MALL,ΑΙΘ 02,BRING THE SOUL: THE MOVIE,209,47
20190810,20:00,Village ΑΤ ΤΗΕ MALL,ΑΙΘ 08,BRING THE SOUL: THE MOVIE,142,19
20190810,20:45,Village ΑΤ ΤΗΕ MALL,ΑΙΘ 02,BRING THE SOUL: THE MOVIE,237,19
20190811,17:40,Village ΑΤ ΤΗΕ MALL,ΑΙΘ 08,BRING THE SOUL: THE MOVIE,149,12
20190811,18:30,Village ΑΤ ΤΗΕ MALL,ΑΙΘ 02,BRING THE SOUL: THE MOVIE,231,25
20190811,20:00,Village ΑΤ ΤΗΕ MALL,ΑΙΘ 08,BRING THE SOUL: THE MOVIE,146,15
20190811,20:45,Village ΑΤ ΤΗΕ MALL,ΑΙΘ 02,BRING THE SOUL: THE MOVIE,244,12
20190809,18:00,Village ΦΑΛΗΡΟ,ΑΙΘ 02,BRING THE SOUL: THE MOVIE,169,10
20190809,20:20,Village ΦΑΛΗΡΟ,ΑΙΘ 02,BRING THE SOUL: THE MOVIE,160,19
20190810,18:00,Village ΦΑΛΗΡΟ,ΑΙΘ 02,BRING THE SOUL: THE MOVIE,169,10
20190810,20:20,Village ΦΑΛΗΡΟ,ΑΙΘ 02,BRING THE SOUL: THE MOVIE,164,15
20190811,18:00,Village ΦΑΛΗΡΟ,ΑΙΘ 02,BRING THE SOUL: THE MOVIE,160,19
20190811,20:20,Village ΦΑΛΗΡΟ,ΑΙΘ 02,BRING THE SOUL: THE MOVIE,166,13
20190809,19:00,Village ΡΕΝΤΗ,ΑΙΘ 07,BRING THE SOUL: THE MOVIE,301,16
20190809,19:40,Village ΡΕΝΤΗ,ΑΙΘ 08,BRING THE SOUL: THE MOVIE,312,17
20190809,21:20,Village ΡΕΝΤΗ,ΑΙΘ 07,BRING THE SOUL: THE MOVIE,305,12
20190810,19:00,Village ΡΕΝΤΗ,ΑΙΘ 07,BRING THE SOUL: THE MOVIE,284,33
20190810,19:40,Village ΡΕΝΤΗ,ΑΙΘ 08,BRING THE SOUL: THE MOVIE,313,16
20190810,21:20,Village ΡΕΝΤΗ,ΑΙΘ 07,BRING THE SOUL: THE MOVIE,305,12
20190811,19:00,Village ΡΕΝΤΗ,ΑΙΘ 07,BRING THE SOUL: THE MOVIE,296,21
20190811,19:40,Village ΡΕΝΤΗ,ΑΙΘ 08,BRING THE SOUL: THE MOVIE,309,20
20190811,21:20,Village ΡΕΝΤΗ,ΑΙΘ 07,BRING THE SOUL: THE MOVIE,299,18
20190809,18:15,Village Cosmos ΘΕΣΣ.,ΑΙΘ 08,BRING THE SOUL: THE MOVIE,187,28
20190809,19:00,Village Cosmos ΘΕΣΣ.,ΑΙΘ 05,BRING THE SOUL: THE MOVIE,229,32
20190809,20:30,Village Cosmos ΘΕΣΣ.,ΑΙΘ 08,BRING THE SOUL: THE MOVIE,190,25
20190810,18:15,Village Cosmos ΘΕΣΣ.,ΑΙΘ 08,BRING THE SOUL: THE MOVIE,175,40
20190810,19:00,Village Cosmos ΘΕΣΣ.,ΑΙΘ 05,BRING THE SOUL: THE MOVIE,241,20
20190810,20:30,Village Cosmos ΘΕΣΣ.,ΑΙΘ 08,BRING THE SOUL: THE MOVIE,200,15
20190811,18:15,Village Cosmos ΘΕΣΣ.,ΑΙΘ 08,BRING THE SOUL: THE MOVIE,204,11
20190811,19:00,Village Cosmos ΘΕΣΣ.,ΑΙΘ 05,BRING THE SOUL: THE MOVIE,230,31
20190811,20:30,Village Cosmos ΘΕΣΣ.,ΑΙΘ 08,BRING THE SOUL: THE MOVIE,205,10
20190809,18:00,Village ΑΓ. ΔΗΜΗΤΡΙΟΣ,ΑΙΘ 01,BRING THE SOUL: THE MOVIE,223,13
20190809,20:15,Village ΑΓ. ΔΗΜΗΤΡΙΟΣ,ΑΙΘ 01,BRING THE SOUL: THE MOVIE,218,18
20190810,17:00,Village ΑΓ. ΔΗΜΗΤΡΙΟΣ,ΑΙΘ 02,BRING THE SOUL: THE MOVIE,207,18
20190810,18:00,Village ΑΓ. ΔΗΜΗΤΡΙΟΣ,ΑΙΘ 01,BRING THE SOUL: THE MOVIE,216,20
20190810,20:15,Village ΑΓ. ΔΗΜΗΤΡΙΟΣ,ΑΙΘ 01,BRING THE SOUL: THE MOVIE,213,23
20190811,17:00,Village ΑΓ. ΔΗΜΗΤΡΙΟΣ,ΑΙΘ 02,BRING THE SOUL: THE MOVIE,214,11
20190811,18:00,Village ΑΓ. ΔΗΜΗΤΡΙΟΣ,ΑΙΘ 01,BRING THE SOUL: THE MOVIE,210,26
20190811,20:15,Village ΑΓ. ΔΗΜΗΤΡΙΟΣ,ΑΙΘ 01,BRING THE SOUL: THE MOVIE,220,16
20190809,19:15,Village ΠΑΓΚΡΑΤΙ,ΑΙΘ 04,BRING THE SOUL: THE MOVIE,187,11
20190810,19:15,Village ΠΑΓΚΡΑΤΙ,ΑΙΘ 04,BRING THE SOUL: THE MOVIE,186,12
20190811,19:15,Village ΠΑΓΚΡΑΤΙ,ΑΙΘ 04,BRING THE SOUL: THE MOVIE,185,13
20190809,20:00,Village ΒΟΛΟΣ,ΑΙΘ 02,BRING THE SOUL: THE MOVIE,267,24
20190810,20:00,Village ΒΟΛΟΣ,ΑΙΘ 02,BRING THE SOUL: THE MOVIE,273,18
20190811,20:00,Village ΒΟΛΟΣ,ΑΙΘ 02,BRING THE SOUL: THE MOVIE,271,20
20190809,20:00,Village ΛΑΡΙΣΑ,ΑΙΘ 03,BRING THE SOUL: THE MOVIE,242,3
20190810,20:00,Village ΛΑΡΙΣΑ,ΑΙΘ 03,BRING THE SOUL: THE MOVIE,240,5
20190811,20:00,Village ΛΑΡΙΣΑ,ΑΙΘ 03,BRING THE SOUL: THE MOVIE,241,4
20190809,19:40,Village ΑΤ ΤΗΕ MALL,ΑΙΘ 01,ESCAPE PLAN: THE EXTRACTORS,97,10
20190809,21:50,Village ΑΤ ΤΗΕ MALL,ΑΙΘ 01,ESCAPE PLAN: THE EXTRACTORS,93,14
20190809,00:00,Village ΑΤ ΤΗΕ MALL,ΑΙΘ 01,ESCAPE PLAN: THE EXTRACTORS,97,10
20190810,19:40,Village ΑΤ ΤΗΕ MALL,ΑΙΘ 01,ESCAPE PLAN: THE EXTRACTORS,99,8
20190810,21:50,Village ΑΤ ΤΗΕ MALL,ΑΙΘ 01,ESCAPE PLAN: THE EXTRACTORS,98,9
20190810,00:00,Village ΑΤ ΤΗΕ MALL,ΑΙΘ 01,ESCAPE PLAN: THE EXTRACTORS,99,8
20190811,19:40,Village ΑΤ ΤΗΕ MALL,ΑΙΘ 01,ESCAPE PLAN: THE EXTRACTORS,99,8
20190811,21:50,Village ΑΤ ΤΗΕ MALL,ΑΙΘ 01,ESCAPE PLAN: THE EXTRACTORS,99,8
20190811,00:00,Village ΑΤ ΤΗΕ MALL,ΑΙΘ 01,ESCAPE PLAN: THE EXTRACTORS,99,8
20190812,19:40,Village ΑΤ ΤΗΕ MALL,ΑΙΘ 01,ESCAPE PLAN: THE EXTRACTORS,99,8
20190812,21:50,Village ΑΤ ΤΗΕ MALL,ΑΙΘ 01,ESCAPE PLAN: THE EXTRACTORS,99,8
20190812,00:00,Village ΑΤ ΤΗΕ MALL,ΑΙΘ 01,ESCAPE PLAN: THE EXTRACTORS,99,8
20190813,19:40,Village ΑΤ ΤΗΕ MALL,ΑΙΘ 01,ESCAPE PLAN: THE EXTRACTORS,99,8
20190813,21:50,Village ΑΤ ΤΗΕ MALL,ΑΙΘ 01,ESCAPE PLAN: THE EXTRACTORS,99,8
20190813,00:00,Village ΑΤ ΤΗΕ MALL,ΑΙΘ 01,ESCAPE PLAN: THE EXTRACTORS,99,8
20190814,19:40,Village ΑΤ ΤΗΕ MALL,ΑΙΘ 01,ESCAPE PLAN: THE EXTRACTORS,99,8
20190814,21:50,Village ΑΤ ΤΗΕ MALL,ΑΙΘ 01,ESCAPE PLAN: THE EXTRACTORS,99,8
20190814,00:00,Village ΑΤ ΤΗΕ MALL,ΑΙΘ 01,ESCAPE PLAN: THE EXTRACTORS,99,8
20190809,22:40,Village ΦΑΛΗΡΟ,ΑΙΘ 02,ESCAPE PLAN: THE EXTRACTORS,169,10
20190809,23:30,Village ΦΑΛΗΡΟ,ΑΙΘ 01,ESCAPE PLAN: THE EXTRACTORS,234,8
20190810,22:40,Village ΦΑΛΗΡΟ,ΑΙΘ 02,ESCAPE PLAN: THE EXTRACTORS,169,10
20190810,23:30,Village ΦΑΛΗΡΟ,ΑΙΘ 01,ESCAPE PLAN: THE EXTRACTORS,234,8
20190811,22:40,Village ΦΑΛΗΡΟ,ΑΙΘ 02,ESCAPE PLAN: THE EXTRACTORS,169,10
20190811,23:30,Village ΦΑΛΗΡΟ,ΑΙΘ 01,ESCAPE PLAN: THE EXTRACTORS,234,8
20190812,23:30,Village ΦΑΛΗΡΟ,ΑΙΘ 01,ESCAPE PLAN: THE EXTRACTORS,234,8
20190813,23:30,Village ΦΑΛΗΡΟ,ΑΙΘ 01,ESCAPE PLAN: THE EXTRACTORS,234,8
20190814,23:30,Village ΦΑΛΗΡΟ,ΑΙΘ 01,ESCAPE PLAN: THE EXTRACTORS,234,8
20190809,19:10,Village ΡΕΝΤΗ,ΑΙΘ 12,ESCAPE PLAN: THE EXTRACTORS,187,7
20190809,21:20,Village ΡΕΝΤΗ,ΑΙΘ 12,ESCAPE PLAN: THE EXTRACTORS,187,7
20190809,23:30,Village ΡΕΝΤΗ,ΑΙΘ 12,ESCAPE PLAN: THE EXTRACTORS,187,7
20190810,19:10,Village ΡΕΝΤΗ,ΑΙΘ 12,ESCAPE PLAN: THE EXTRACTORS,187,7
20190810,21:20,Village ΡΕΝΤΗ,ΑΙΘ 12,ESCAPE PLAN: THE EXTRACTORS,187,7
20190810,23:30,Village ΡΕΝΤΗ,ΑΙΘ 12,ESCAPE PLAN: THE EXTRACTORS,187,7
20190811,19:10,Village ΡΕΝΤΗ,ΑΙΘ 12,ESCAPE PLAN: THE EXTRACTORS,187,7
20190811,21:20,Village ΡΕΝΤΗ,ΑΙΘ 12,ESCAPE PLAN: THE EXTRACTORS,187,7
20190811,23:30,Village ΡΕΝΤΗ,ΑΙΘ 12,ESCAPE PLAN: THE EXTRACTORS,187,7
20190812,19:10,Village ΡΕΝΤΗ,ΑΙΘ 12,ESCAPE PLAN: THE EXTRACTORS,187,7
20190812,21:20,Village ΡΕΝΤΗ,ΑΙΘ 12,ESCAPE PLAN: THE EXTRACTORS,187,7
20190812,23:30,Village ΡΕΝΤΗ,ΑΙΘ 12,ESCAPE PLAN: THE EXTRACTORS,187,7
20190813,19:10,Village ΡΕΝΤΗ,ΑΙΘ 12,ESCAPE PLAN: THE EXTRACTORS,187,7
20190813,21:20,Village ΡΕΝΤΗ,ΑΙΘ 12,ESCAPE PLAN: THE EXTRACTORS,187,7
20190813,23:30,Village ΡΕΝΤΗ,ΑΙΘ 12,ESCAPE PLAN: THE EXTRACTORS,187,7
20190814,19:10,Village ΡΕΝΤΗ,ΑΙΘ 12,ESCAPE PLAN: THE EXTRACTORS,187,7
20190814,21:20,Village ΡΕΝΤΗ,ΑΙΘ 12,ESCAPE PLAN: THE EXTRACTORS,187,7
20190814,23:30,Village ΡΕΝΤΗ,ΑΙΘ 12,ESCAPE PLAN: THE EXTRACTORS,187,7
20190809,22:45,Village Cosmos ΘΕΣΣ.,ΑΙΘ 01,ESCAPE PLAN: THE EXTRACTORS,109,8
20190810,22:45,Village Cosmos ΘΕΣΣ.,ΑΙΘ 01,ESCAPE PLAN: THE EXTRACTORS,109,8
20190811,22:45,Village Cosmos ΘΕΣΣ.,ΑΙΘ 01,ESCAPE PLAN: THE EXTRACTORS,109,8
20190812,22:45,Village Cosmos ΘΕΣΣ.,ΑΙΘ 01,ESCAPE PLAN: THE EXTRACTORS,109,8
20190813,22:45,Village Cosmos ΘΕΣΣ.,ΑΙΘ 01,ESCAPE PLAN: THE EXTRACTORS,109,8
20190814,22:45,Village Cosmos ΘΕΣΣ.,ΑΙΘ 01,ESCAPE PLAN: THE EXTRACTORS,109,8
20190809,21:30,Village ΑΓ. ΔΗΜΗΤΡΙΟΣ,ΑΙΘ 02,ESCAPE PLAN: THE EXTRACTORS,214,11
20190810,21:30,Village ΑΓ. ΔΗΜΗΤΡΙΟΣ,ΑΙΘ 02,ESCAPE PLAN: THE EXTRACTORS,214,11
20190811,21:30,Village ΑΓ. ΔΗΜΗΤΡΙΟΣ,ΑΙΘ 02,ESCAPE PLAN: THE EXTRACTORS,214,11
20190812,21:30,Village ΑΓ. ΔΗΜΗΤΡΙΟΣ,ΑΙΘ 02,ESCAPE PLAN: THE EXTRACTORS,214,11
20190813,21:30,Village ΑΓ. ΔΗΜΗΤΡΙΟΣ,ΑΙΘ 02,ESCAPE PLAN: THE EXTRACTORS,214,11
20190814,21:30,Village ΑΓ. ΔΗΜΗΤΡΙΟΣ,ΑΙΘ 02,ESCAPE PLAN: THE EXTRACTORS,213,12
20190809,22:45,Village ΠΑΓΚΡΑΤΙ,ΑΙΘ 04,ESCAPE PLAN: THE EXTRACTORS,190,8
20190810,22:45,Village ΠΑΓΚΡΑΤΙ,ΑΙΘ 04,ESCAPE PLAN: THE EXTRACTORS,190,8
20190811,22:45,Village ΠΑΓΚΡΑΤΙ,ΑΙΘ 04,ESCAPE PLAN: THE EXTRACTORS,190,8
20190812,22:45,Village ΠΑΓΚΡΑΤΙ,ΑΙΘ 04,ESCAPE PLAN: THE EXTRACTORS,190,8
20190813,22:45,Village ΠΑΓΚΡΑΤΙ,ΑΙΘ 04,ESCAPE PLAN: THE EXTRACTORS,190,8
20190814,22:45,Village ΠΑΓΚΡΑΤΙ,ΑΙΘ 04,ESCAPE PLAN: THE EXTRACTORS,190,8
20190809,22:40,Village ΒΟΛΟΣ,ΑΙΘ 02,ESCAPE PLAN: THE EXTRACTORS,279,12
20190810,22:40,Village ΒΟΛΟΣ,ΑΙΘ 02,ESCAPE PLAN: THE EXTRACTORS,280,11
20190811,22:40,Village ΒΟΛΟΣ,ΑΙΘ 02,ESCAPE PLAN: THE EXTRACTORS,280,11
20190812,22:40,Village ΒΟΛΟΣ,ΑΙΘ 02,ESCAPE PLAN: THE EXTRACTORS,280,11
20190813,22:40,Village ΒΟΛΟΣ,ΑΙΘ 02,ESCAPE PLAN: THE EXTRACTORS,280,11
20190814,22:40,Village ΒΟΛΟΣ,ΑΙΘ 02,ESCAPE PLAN: THE EXTRACTORS,280,11
20190809,22:45,Village ΛΑΡΙΣΑ,ΑΙΘ 01,ESCAPE PLAN: THE EXTRACTORS,199,2
20190810,22:45,Village ΛΑΡΙΣΑ,ΑΙΘ 01,ESCAPE PLAN: THE EXTRACTORS,199,2
20190811,22:45,Village ΛΑΡΙΣΑ,ΑΙΘ 01,ESCAPE PLAN: THE EXTRACTORS,199,2
20190812,22:45,Village ΛΑΡΙΣΑ,ΑΙΘ 01,ESCAPE PLAN: THE EXTRACTORS,199,2
20190813,22:45,Village ΛΑΡΙΣΑ,ΑΙΘ 01,ESCAPE PLAN: THE EXTRACTORS,199,2
20190814,22:45,Village ΛΑΡΙΣΑ,ΑΙΘ 01,ESCAPE PLAN: THE EXTRACTORS,199,2
20190809,20:40,Village ΡΕΝΤΗ,ΑΙΘ 03,ANNA,122,7
20190809,23:10,Village ΡΕΝΤΗ,ΑΙΘ 03,ANNA,122,7
20190810,20:40,Village ΡΕΝΤΗ,ΑΙΘ 03,ANNA,119,10
20190810,23:10,Village ΡΕΝΤΗ,ΑΙΘ 03,ANNA,122,7
20190811,20:40,Village ΡΕΝΤΗ,ΑΙΘ 03,ANNA,122,7
20190811,23:10,Village ΡΕΝΤΗ,ΑΙΘ 03,ANNA,122,7
20190812,20:40,Village ΡΕΝΤΗ,ΑΙΘ 03,ANNA,122,7
20190812,23:10,Village ΡΕΝΤΗ,ΑΙΘ 03,ANNA,122,7
20190813,20:40,Village ΡΕΝΤΗ,ΑΙΘ 03,ANNA,122,7
20190813,23:10,Village ΡΕΝΤΗ,ΑΙΘ 03,ANNA,122,7
20190814,20:40,Village ΡΕΝΤΗ,ΑΙΘ 03,ANNA,118,11
20190814,23:10,Village ΡΕΝΤΗ,ΑΙΘ 03,ANNA,122,7
20190809,17:30,Village ΑΤ ΤΗΕ MALL,ΑΙΘ 05,THE LION KING (ENG),226,17
20190809,18:40,Village ΑΤ ΤΗΕ MALL,ΑΙΘ 03,THE LION KING (ENG),133,14
20190809,20:10,Village ΑΤ ΤΗΕ MALL,ΑΙΘ 05,THE LION KING (ENG),231,12
20190809,21:10,Village ΑΤ ΤΗΕ MALL,ΑΙΘ 03,THE LION KING (ENG),139,8
20190809,21:40,Village ΑΤ ΤΗΕ MALL,ΑΙΘ 10,THE LION KING (ENG),180,10
20190809,22:15,Village ΑΤ ΤΗΕ MALL,ΑΙΘ 08,THE LION KING (ENG),151,10
20190809,23:00,Village ΑΤ ΤΗΕ MALL,ΑΙΘ 09,THE LION KING (ENG),157,8
20190810,15:00,Village ΑΤ ΤΗΕ MALL,ΑΙΘ 05,THE LION KING (ENG),231,12
20190810,16:00,Village ΑΤ ΤΗΕ MALL,ΑΙΘ 03,THE LION KING (ENG),139,8
20190810,17:30,Village ΑΤ ΤΗΕ MALL,ΑΙΘ 05,THE LION KING (ENG),231,12
20190810,18:40,Village ΑΤ ΤΗΕ MALL,ΑΙΘ 03,THE LION KING (ENG),139,8
20190810,20:10,Village ΑΤ ΤΗΕ MALL,ΑΙΘ 05,THE LION KING (ENG),222,21
20190810,21:10,Village ΑΤ ΤΗΕ MALL,ΑΙΘ 03,THE LION KING (ENG),130,17
20190810,21:40,Village ΑΤ ΤΗΕ MALL,ΑΙΘ 10,THE LION KING (ENG),180,10
20190810,22:15,Village ΑΤ ΤΗΕ MALL,ΑΙΘ 08,THE LION KING (ENG),151,10
20190810,23:00,Village ΑΤ ΤΗΕ MALL,ΑΙΘ 09,THE LION KING (ENG),157,8
20190811,17:30,Village ΑΤ ΤΗΕ MALL,ΑΙΘ 05,THE LION KING (ENG),231,12
20190811,18:40,Village ΑΤ ΤΗΕ MALL,ΑΙΘ 03,THE LION KING (ENG),139,8
20190811,20:10,Village ΑΤ ΤΗΕ MALL,ΑΙΘ 05,THE LION KING (ENG),231,12
20190811,21:10,Village ΑΤ ΤΗΕ MALL,ΑΙΘ 03,THE LION KING (ENG),139,8
20190811,21:40,Village ΑΤ ΤΗΕ MALL,ΑΙΘ 10,THE LION KING (ENG),180,10
20190811,22:15,Village ΑΤ ΤΗΕ MALL,ΑΙΘ 08,THE LION KING (ENG),151,10
20190811,23:00,Village ΑΤ ΤΗΕ MALL,ΑΙΘ 09,THE LION KING (ENG),157,8
20190812,17:30,Village ΑΤ ΤΗΕ MALL,ΑΙΘ 05,THE LION KING (ENG),231,12
20190812,18:30,Village ΑΤ ΤΗΕ MALL,ΑΙΘ 03,THE LION KING (ENG),139,8
20190812,19:30,Village ΑΤ ΤΗΕ MALL,ΑΙΘ 08,THE LION KING (ENG),151,10
20190812,20:00,Village ΑΤ ΤΗΕ MALL,ΑΙΘ 05,THE LION KING (ENG),231,12
20190812,21:00,Village ΑΤ ΤΗΕ MALL,ΑΙΘ 03,THE LION KING (ENG),139,8
20190812,21:30,Village ΑΤ ΤΗΕ MALL,ΑΙΘ 10,THE LION KING (ENG),180,10
20190812,22:15,Village ΑΤ ΤΗΕ MALL,ΑΙΘ 08,THE LION KING (ENG),151,10
20190812,23:00,Village ΑΤ ΤΗΕ MALL,ΑΙΘ 09,THE LION KING (ENG),157,8
20190813,17:30,Village ΑΤ ΤΗΕ MALL,ΑΙΘ 05,THE LION KING (ENG),231,12
20190813,18:30,Village ΑΤ ΤΗΕ MALL,ΑΙΘ 03,THE LION KING (ENG),139,8
20190813,19:30,Village ΑΤ ΤΗΕ MALL,ΑΙΘ 08,THE LION KING (ENG),151,10
20190813,20:00,Village ΑΤ ΤΗΕ MALL,ΑΙΘ 05,THE LION KING (ENG),231,12
20190813,21:00,Village ΑΤ ΤΗΕ MALL,ΑΙΘ 03,THE LION KING (ENG),139,8
20190813,21:30,Village ΑΤ ΤΗΕ MALL,ΑΙΘ 10,THE LION KING (ENG),180,10
20190813,22:15,Village ΑΤ ΤΗΕ MALL,ΑΙΘ 08,THE LION KING (ENG),151,10
20190813,23:00,Village ΑΤ ΤΗΕ MALL,ΑΙΘ 09,THE LION KING (ENG),157,8
20190814,17:30,Village ΑΤ ΤΗΕ MALL,ΑΙΘ 05,THE LION KING (ENG),231,12
20190814,18:30,Village ΑΤ ΤΗΕ MALL,ΑΙΘ 03,THE LION KING (ENG),139,8
20190814,19:30,Village ΑΤ ΤΗΕ MALL,ΑΙΘ 08,THE LION KING (ENG),147,14
20190814,20:00,Village ΑΤ ΤΗΕ MALL,ΑΙΘ 05,THE LION KING (ENG),231,12
20190814,21:00,Village ΑΤ ΤΗΕ MALL,ΑΙΘ 03,THE LION KING (ENG),139,8
20190814,21:30,Village ΑΤ ΤΗΕ MALL,ΑΙΘ 10,THE LION KING (ENG),180,10
20190814,22:15,Village ΑΤ ΤΗΕ MALL,ΑΙΘ 08,THE LION KING (ENG),151,10
20190814,23:00,Village ΑΤ ΤΗΕ MALL,ΑΙΘ 09,THE LION KING (ENG),157,8
20190809,18:40,Village ΦΑΛΗΡΟ,ΑΙΘ 06,THE LION KING (ENG),235,10
20190809,21:10,Village ΦΑΛΗΡΟ,ΑΙΘ 06,THE LION KING (ENG),233,12
20190809,23:30,Village ΦΑΛΗΡΟ,KIDS 03,THE LION KING (ENG),48,2
20190810,18:40,Village ΦΑΛΗΡΟ,ΑΙΘ 06,THE LION KING (ENG),235,10
20190810,21:10,Village ΦΑΛΗΡΟ,ΑΙΘ 06,THE LION KING (ENG),235,10
20190810,23:30,Village ΦΑΛΗΡΟ,KIDS 03,THE LION KING (ENG),48,2
20190811,18:40,Village ΦΑΛΗΡΟ,ΑΙΘ 06,THE LION KING (ENG),235,10
20190811,21:10,Village ΦΑΛΗΡΟ,ΑΙΘ 06,THE LION KING (ENG),235,10
20190811,23:30,Village ΦΑΛΗΡΟ,KIDS 03,THE LION KING (ENG),48,2
20190812,18:40,Village ΦΑΛΗΡΟ,ΑΙΘ 06,THE LION KING (ENG),235,10
20190812,21:10,Village ΦΑΛΗΡΟ,ΑΙΘ 06,THE LION KING (ENG),235,10
20190812,23:30,Village ΦΑΛΗΡΟ,KIDS 03,THE LION KING (ENG),48,2
20190813,18:40,Village ΦΑΛΗΡΟ,ΑΙΘ 06,THE LION KING (ENG),235,10
20190813,21:10,Village ΦΑΛΗΡΟ,ΑΙΘ 06,THE LION KING (ENG),235,10
20190813,23:30,Village ΦΑΛΗΡΟ,KIDS 03,THE LION KING (ENG),48,2
20190814,18:40,Village ΦΑΛΗΡΟ,ΑΙΘ 06,THE LION KING (ENG),235,10
20190814,21:10,Village ΦΑΛΗΡΟ,ΑΙΘ 06,THE LION KING (ENG),230,15
20190814,23:30,Village ΦΑΛΗΡΟ,KIDS 03,THE LION KING (ENG),48,2
20190809,21:30,Village ΡΕΝΤΗ,ΑΙΘ 06,THE LION KING (ENG),221,13
20190809,22:00,Village ΡΕΝΤΗ,ΑΙΘ 08,THE LION KING (ENG),317,12
20190809,23:20,Village ΡΕΝΤΗ,KIDS 01,THE LION KING (ENG),43,0
20190809,23:40,Village ΡΕΝΤΗ,KIDS 02,THE LION KING (ENG),43,0
20190810,21:30,Village ΡΕΝΤΗ,ΑΙΘ 06,THE LION KING (ENG),223,11
20190810,22:00,Village ΡΕΝΤΗ,ΑΙΘ 08,THE LION KING (ENG),317,12
20190810,23:20,Village ΡΕΝΤΗ,KIDS 01,THE LION KING (ENG),43,0
20190810,23:40,Village ΡΕΝΤΗ,KIDS 02,THE LION KING (ENG),43,0
20190811,21:30,Village ΡΕΝΤΗ,ΑΙΘ 06,THE LION KING (ENG),223,11
20190811,22:00,Village ΡΕΝΤΗ,ΑΙΘ 08,THE LION KING (ENG),317,12
20190811,23:20,Village ΡΕΝΤΗ,KIDS 01,THE LION KING (ENG),43,0
20190811,23:40,Village ΡΕΝΤΗ,KIDS 02,THE LION KING (ENG),43,0
20190812,21:30,Village ΡΕΝΤΗ,ΑΙΘ 06,THE LION KING (ENG),223,11
20190812,22:00,Village ΡΕΝΤΗ,ΑΙΘ 08,THE LION KING (ENG),317,12
20190812,23:20,Village ΡΕΝΤΗ,KIDS 01,THE LION KING (ENG),43,0
20190812,23:40,Village ΡΕΝΤΗ,KIDS 02,THE LION KING (ENG),43,0
20190813,21:30,Village ΡΕΝΤΗ,ΑΙΘ 06,THE LION KING (ENG),223,11
20190813,22:00,Village ΡΕΝΤΗ,ΑΙΘ 08,THE LION KING (ENG),317,12
20190813,23:20,Village ΡΕΝΤΗ,KIDS 01,THE LION KING (ENG),43,0
20190813,23:40,Village ΡΕΝΤΗ,KIDS 02,THE LION KING (ENG),43,0
20190814,21:30,Village ΡΕΝΤΗ,ΑΙΘ 06,THE LION KING (ENG),223,11
20190814,22:00,Village ΡΕΝΤΗ,ΑΙΘ 08,THE LION KING (ENG),317,12
20190814,23:20,Village ΡΕΝΤΗ,KIDS 01,THE LION KING (ENG),43,0
20190814,23:40,Village ΡΕΝΤΗ,KIDS 02,THE LION KING (ENG),43,0
20190809,20:50,Village Cosmos ΘΕΣΣ.,ΑΙΘ 07,THE LION KING (ENG),204,13
20190809,22:00,Village Cosmos ΘΕΣΣ.,ΑΙΘ 04,THE LION KING (ENG),369,18
20190809,23:30,Village Cosmos ΘΕΣΣ.,KIDS 09,THE LION KING (ENG),45,0
20190810,20:50,Village Cosmos ΘΕΣΣ.,ΑΙΘ 07,THE LION KING (ENG),207,10
20190810,22:00,Village Cosmos ΘΕΣΣ.,ΑΙΘ 04,THE LION KING (ENG),369,18
20190810,23:30,Village Cosmos ΘΕΣΣ.,KIDS 09,THE LION KING (ENG),45,0
20190811,20:50,Village Cosmos ΘΕΣΣ.,ΑΙΘ 07,THE LION KING (ENG),207,10
20190811,22:00,Village Cosmos ΘΕΣΣ.,ΑΙΘ 04,THE LION KING (ENG),369,18
20190811,23:30,Village Cosmos ΘΕΣΣ.,KIDS 09,THE LION KING (ENG),45,0
20190812,20:50,Village Cosmos ΘΕΣΣ.,ΑΙΘ 07,THE LION KING (ENG),207,10
20190812,22:00,Village Cosmos ΘΕΣΣ.,ΑΙΘ 04,THE LION KING (ENG),369,18
20190812,23:30,Village Cosmos ΘΕΣΣ.,KIDS 09,THE LION KING (ENG),45,0
20190813,20:50,Village Cosmos ΘΕΣΣ.,ΑΙΘ 07,THE LION KING (ENG),206,11
20190813,22:00,Village Cosmos ΘΕΣΣ.,ΑΙΘ 04,THE LION KING (ENG),369,18
20190813,23:30,Village Cosmos ΘΕΣΣ.,KIDS 09,THE LION KING (ENG),45,0
20190814,20:50,Village Cosmos ΘΕΣΣ.,ΑΙΘ 07,THE LION KING (ENG),205,12
20190814,22:00,Village Cosmos ΘΕΣΣ.,ΑΙΘ 04,THE LION KING (ENG),369,18
20190814,23:30,Village Cosmos ΘΕΣΣ.,KIDS 09,THE LION KING (ENG),45,0
20190809,18:30,Village ΑΓ. ΔΗΜΗΤΡΙΟΣ,ΑΙΘ 04,THE LION KING (ENG),133,9
20190809,21:00,Village ΑΓ. ΔΗΜΗΤΡΙΟΣ,ΑΙΘ 04,THE LION KING (ENG),128,14
20190809,22:00,Village ΑΓ. ΔΗΜΗΤΡΙΟΣ,ΑΙΘ 03,THE LION KING (ENG),133,9
20190810,18:30,Village ΑΓ. ΔΗΜΗΤΡΙΟΣ,ΑΙΘ 04,THE LION KING (ENG),133,9
20190810,21:00,Village ΑΓ. ΔΗΜΗΤΡΙΟΣ,ΑΙΘ 04,THE LION KING (ENG),133,9
20190810,22:00,Village ΑΓ. ΔΗΜΗΤΡΙΟΣ,ΑΙΘ 03,THE LION KING (ENG),133,9
20190811,18:30,Village ΑΓ. ΔΗΜΗΤΡΙΟΣ,ΑΙΘ 04,THE LION KING (ENG),133,9
20190811,21:00,Village ΑΓ. ΔΗΜΗΤΡΙΟΣ,ΑΙΘ 04,THE LION KING (ENG),133,9
20190811,22:00,Village ΑΓ. ΔΗΜΗΤΡΙΟΣ,ΑΙΘ 03,THE LION KING (ENG),133,9
20190812,18:30,Village ΑΓ. ΔΗΜΗΤΡΙΟΣ,ΑΙΘ 04,THE LION KING (ENG),133,9
20190812,21:00,Village ΑΓ. ΔΗΜΗΤΡΙΟΣ,ΑΙΘ 04,THE LION KING (ENG),133,9
20190812,22:00,Village ΑΓ. ΔΗΜΗΤΡΙΟΣ,ΑΙΘ 03,THE LION KING (ENG),133,9
20190813,18:30,Village ΑΓ. ΔΗΜΗΤΡΙΟΣ,ΑΙΘ 04,THE LION KING (ENG),133,9
20190813,21:00,Village ΑΓ. ΔΗΜΗΤΡΙΟΣ,ΑΙΘ 04,THE LION KING (ENG),133,9
20190813,22:00,Village ΑΓ. ΔΗΜΗΤΡΙΟΣ,ΑΙΘ 03,THE LION KING (ENG),133,9
20190814,18:30,Village ΑΓ. ΔΗΜΗΤΡΙΟΣ,ΑΙΘ 04,THE LION KING (ENG),131,11
20190814,21:00,Village ΑΓ. ΔΗΜΗΤΡΙΟΣ,ΑΙΘ 04,THE LION KING (ENG),133,9
20190814,22:00,Village ΑΓ. ΔΗΜΗΤΡΙΟΣ,ΑΙΘ 03,THE LION KING (ENG),133,9
20190809,21:30,Village ΠΑΓΚΡΑΤΙ,ΑΙΘ 02,THE LION KING (ENG),98,7
20190810,21:30,Village ΠΑΓΚΡΑΤΙ,ΑΙΘ 02,THE LION KING (ENG),98,7
20190811,21:30,Village ΠΑΓΚΡΑΤΙ,ΑΙΘ 02,THE LION KING (ENG),98,7
20190812,20:15,Village ΠΑΓΚΡΑΤΙ,ΑΙΘ 04,THE LION KING (ENG),190,8
20190812,21:30,Village ΠΑΓΚΡΑΤΙ,ΑΙΘ 02,THE LION KING (ENG),98,7
20190813,20:15,Village ΠΑΓΚΡΑΤΙ,ΑΙΘ 04,THE LION KING (ENG),190,8
20190813,21:30,Village ΠΑΓΚΡΑΤΙ,ΑΙΘ 02,THE LION KING (ENG),98,7
20190814,20:15,Village ΠΑΓΚΡΑΤΙ,ΑΙΘ 04,THE LION KING (ENG),188,10
20190814,21:30,Village ΠΑΓΚΡΑΤΙ,ΑΙΘ 02,THE LION KING (ENG),98,7
20190809,21:00,Village ΒΟΛΟΣ,ΑΙΘ 01,THE LION KING (ENG),145,8
20190810,21:00,Village ΒΟΛΟΣ,ΑΙΘ 01,THE LION KING (ENG),146,7
20190811,21:00,Village ΒΟΛΟΣ,ΑΙΘ 01,THE LION KING (ENG),146,7
20190812,21:00,Village ΒΟΛΟΣ,ΑΙΘ 01,THE LION KING (ENG),146,7
20190813,21:00,Village ΒΟΛΟΣ,ΑΙΘ 01,THE LION KING (ENG),146,7
20190814,21:00,Village ΒΟΛΟΣ,ΑΙΘ 01,THE LION KING (ENG),146,7
20190809,21:45,Village ΛΑΡΙΣΑ,ΑΙΘ 02,THE LION KING (ENG),199,2
20190810,21:45,Village ΛΑΡΙΣΑ,ΑΙΘ 02,THE LION KING (ENG),199,2
20190811,21:45,Village ΛΑΡΙΣΑ,ΑΙΘ 02,THE LION KING (ENG),199,2
20190812,21:45,Village ΛΑΡΙΣΑ,ΑΙΘ 02,THE LION KING (ENG),199,2
20190813,21:45,Village ΛΑΡΙΣΑ,ΑΙΘ 02,THE LION KING (ENG),199,2
20190814,21:45,Village ΛΑΡΙΣΑ,ΑΙΘ 02,THE LION KING (ENG),199,2
20190809,21:00,Village ΡΕΝΤΗ,ΑΙΘ 11,ANNABELLE COMES HOME,242,13
20190809,23:20,Village ΡΕΝΤΗ,ΑΙΘ 11,ANNABELLE COMES HOME,245,10
20190810,21:00,Village ΡΕΝΤΗ,ΑΙΘ 11,ANNABELLE COMES HOME,241,14
20190810,23:20,Village ΡΕΝΤΗ,ΑΙΘ 11,ANNABELLE COMES HOME,245,10
20190811,21:00,Village ΡΕΝΤΗ,ΑΙΘ 11,ANNABELLE COMES HOME,245,10
20190811,23:20,Village ΡΕΝΤΗ,ΑΙΘ 11,ANNABELLE COMES HOME,245,10
20190812,21:00,Village ΡΕΝΤΗ,ΑΙΘ 11,ANNABELLE COMES HOME,245,10
20190812,23:20,Village ΡΕΝΤΗ,ΑΙΘ 11,ANNABELLE COMES HOME,245,10
20190813,21:00,Village ΡΕΝΤΗ,ΑΙΘ 11,ANNABELLE COMES HOME,245,10
20190813,23:20,Village ΡΕΝΤΗ,ΑΙΘ 11,ANNABELLE COMES HOME,245,10
20190814,21:00,Village ΡΕΝΤΗ,ΑΙΘ 11,ANNABELLE COMES HOME,245,10
20190814,23:20,Village ΡΕΝΤΗ,ΑΙΘ 11,ANNABELLE COMES HOME,245,10
20190810,15:45,Village ΑΤ ΤΗΕ MALL,ΑΙΘ 12,ALADDIN (GR),124,11
20190812,19:20,Village ΡΕΝΤΗ,ΑΙΘ 05,ALADDIN (GR),209,12
20190813,19:20,Village ΡΕΝΤΗ,ΑΙΘ 05,ALADDIN (GR),209,12
20190814,19:20,Village ΡΕΝΤΗ,ΑΙΘ 05,ALADDIN (GR),209,12
